Using prepared data.
Number of Model Parameters: 1148385
DistributedDataParallel(
  (module): LNO(
    (act): GELU(approximate='none')
    (trunk_projector): MLP(
      (act): GELU(approximate='none')
      (input): Linear(in_features=2, out_features=160, bias=True)
      (hidden): ModuleList(
        (0-1): 2 x Linear(in_features=160, out_features=160, bias=True)
      )
      (output): Linear(in_features=160, out_features=160, bias=True)
    )
    (branch_projector): MLP(
      (act): GELU(approximate='none')
      (input): Linear(in_features=12, out_features=160, bias=True)
      (hidden): ModuleList(
        (0-1): 2 x Linear(in_features=160, out_features=160, bias=True)
      )
      (output): Linear(in_features=160, out_features=160, bias=True)
    )
    (out_mlp): MLP(
      (act): GELU(approximate='none')
      (input): Linear(in_features=160, out_features=160, bias=True)
      (hidden): ModuleList(
        (0-1): 2 x Linear(in_features=160, out_features=160, bias=True)
      )
      (output): Linear(in_features=160, out_features=1, bias=True)
    )
    (attention_projector): MLP(
      (act): GELU(approximate='none')
      (input): Linear(in_features=160, out_features=160, bias=True)
      (hidden): ModuleList(
        (0-1): 2 x Linear(in_features=160, out_features=160, bias=True)
      )
      (output): Linear(in_features=160, out_features=64, bias=True)
    )
    (attn_blocks): Sequential(
      (0): AttentionBlock(
        (act): GELU(approximate='none')
        (self_attn): SelfAttention(
          (Wq): Linear(in_features=160, out_features=160, bias=True)
          (Wk): Linear(in_features=160, out_features=160, bias=True)
          (Wv): Linear(in_features=160, out_features=160, bias=True)
          (proj): Linear(in_features=160, out_features=160, bias=True)
        )
        (ln1): LayerNorm((160,), eps=1e-05, elementwise_affine=True)
        (ln2): LayerNorm((160,), eps=1e-05, elementwise_affine=True)
        (drop): Dropout(p=0.0, inplace=False)
        (mlp): Sequential(
          (0): Linear(in_features=160, out_features=320, bias=True)
          (1): GELU(approximate='none')
          (2): Linear(in_features=320, out_features=160, bias=True)
        )
      )
      (1): AttentionBlock(
        (act): GELU(approximate='none')
        (self_attn): SelfAttention(
          (Wq): Linear(in_features=160, out_features=160, bias=True)
          (Wk): Linear(in_features=160, out_features=160, bias=True)
          (Wv): Linear(in_features=160, out_features=160, bias=True)
          (proj): Linear(in_features=160, out_features=160, bias=True)
        )
        (ln1): LayerNorm((160,), eps=1e-05, elementwise_affine=True)
        (ln2): LayerNorm((160,), eps=1e-05, elementwise_affine=True)
        (drop): Dropout(p=0.0, inplace=False)
        (mlp): Sequential(
          (0): Linear(in_features=160, out_features=320, bias=True)
          (1): GELU(approximate='none')
          (2): Linear(in_features=320, out_features=160, bias=True)
        )
      )
      (2): AttentionBlock(
        (act): GELU(approximate='none')
        (self_attn): SelfAttention(
          (Wq): Linear(in_features=160, out_features=160, bias=True)
          (Wk): Linear(in_features=160, out_features=160, bias=True)
          (Wv): Linear(in_features=160, out_features=160, bias=True)
          (proj): Linear(in_features=160, out_features=160, bias=True)
        )
        (ln1): LayerNorm((160,), eps=1e-05, elementwise_affine=True)
        (ln2): LayerNorm((160,), eps=1e-05, elementwise_affine=True)
        (drop): Dropout(p=0.0, inplace=False)
        (mlp): Sequential(
          (0): Linear(in_features=160, out_features=320, bias=True)
          (1): GELU(approximate='none')
          (2): Linear(in_features=320, out_features=160, bias=True)
        )
      )
      (3): AttentionBlock(
        (act): GELU(approximate='none')
        (self_attn): SelfAttention(
          (Wq): Linear(in_features=160, out_features=160, bias=True)
          (Wk): Linear(in_features=160, out_features=160, bias=True)
          (Wv): Linear(in_features=160, out_features=160, bias=True)
          (proj): Linear(in_features=160, out_features=160, bias=True)
        )
        (ln1): LayerNorm((160,), eps=1e-05, elementwise_affine=True)
        (ln2): LayerNorm((160,), eps=1e-05, elementwise_affine=True)
        (drop): Dropout(p=0.0, inplace=False)
        (mlp): Sequential(
          (0): Linear(in_features=160, out_features=320, bias=True)
          (1): GELU(approximate='none')
          (2): Linear(in_features=320, out_features=160, bias=True)
        )
      )
    )
  )
)
Start Training...
Epoch: 1	Learning Rate :3.467148803248856e-07	Train Loss Step: 10.001448631286621	Train Loss Full: 1.0001108646392822	Val Loss Step: 10.000715255737305	Val Loss Full: 1.000083327293396	Best Val Loss Full: 1.000083327293396
Epoch: 2	Learning Rate :1.0866160240210424e-06	Train Loss Step: 10.000078201293945	Train Loss Full: 1.0000098943710327	Val Loss Step: 10.001031875610352	Val Loss Full: 1.0001204013824463	Best Val Loss Full: 1.000083327293396
Epoch: 3	Learning Rate :2.3189731795749714e-06	Train Loss Step: 10.000016212463379	Train Loss Full: 1.0000019073486328	Val Loss Step: 10.001242637634277	Val Loss Full: 1.000131607055664	Best Val Loss Full: 1.000083327293396
Epoch: 4	Learning Rate :4.042570061965622e-06	Train Loss Step: 10.000005722045898	Train Loss Full: 1.0000005960464478	Val Loss Step: 10.00075626373291	Val Loss Full: 1.000078797340393	Best Val Loss Full: 1.000078797340393
Epoch: 5	Learning Rate :6.255705553086591e-06	Train Loss Step: 10.000007629394531	Train Loss Full: 1.0000005960464478	Val Loss Step: 10.00069522857666	Val Loss Full: 1.0000708103179932	Best Val Loss Full: 1.0000708103179932
Epoch: 6	Learning Rate :8.956195380679585e-06	Train Loss Step: 10.000004768371582	Train Loss Full: 1.000000238418579	Val Loss Step: 10.000452041625977	Val Loss Full: 1.0000470876693726	Best Val Loss Full: 1.0000470876693726
Epoch: 7	Learning Rate :1.2141374274118877e-05	Train Loss Step: 10.00000286102295	Train Loss Full: 1.000000238418579	Val Loss Step: 10.000402450561523	Val Loss Full: 1.0000405311584473	Best Val Loss Full: 1.0000405311584473
Epoch: 8	Learning Rate :1.5808098594922776e-05	Train Loss Step: 10.000001907348633	Train Loss Full: 1.0000001192092896	Val Loss Step: 10.000348091125488	Val Loss Full: 1.0000346899032593	Best Val Loss Full: 1.0000346899032593
Epoch: 9	Learning Rate :1.9952749439392653e-05	Train Loss Step: 10.00000286102295	Train Loss Full: 1.000000238418579	Val Loss Step: 10.000215530395508	Val Loss Full: 1.0000218152999878	Best Val Loss Full: 1.0000218152999878
Epoch: 10	Learning Rate :2.4571236210320867e-05	Train Loss Step: 10.000004768371582	Train Loss Full: 1.0000003576278687	Val Loss Step: 10.000178337097168	Val Loss Full: 1.0000187158584595	Best Val Loss Full: 1.0000187158584595
Epoch: 11	Learning Rate :2.9659000654237754e-05	Train Loss Step: 9.912571907043457	Train Loss Full: 0.990728497505188	Val Loss Step: 9.925824165344238	Val Loss Full: 0.9937241673469543	Best Val Loss Full: 0.9937241673469543
Epoch: 12	Learning Rate :3.521102136021888e-05	Train Loss Step: 8.513676643371582	Train Loss Full: 0.8587446212768555	Val Loss Step: 8.025750160217285	Val Loss Full: 0.8233359456062317	Best Val Loss Full: 0.8233359456062317
Epoch: 13	Learning Rate :4.122181871580677e-05	Train Loss Step: 6.860569953918457	Train Loss Full: 0.7056308388710022	Val Loss Step: 9.608702659606934	Val Loss Full: 1.0872703790664673	Best Val Loss Full: 0.8233359456062317
Epoch: 14	Learning Rate :4.7685460315159906e-05	Train Loss Step: 5.719275951385498	Train Loss Full: 0.6007534861564636	Val Loss Step: 7.1369757652282715	Val Loss Full: 0.7848121523857117	Best Val Loss Full: 0.7848121523857117
Epoch: 15	Learning Rate :5.459556681408921e-05	Train Loss Step: 5.537578582763672	Train Loss Full: 0.5829203724861145	Val Loss Step: 6.838405609130859	Val Loss Full: 0.7458662986755371	Best Val Loss Full: 0.7458662986755371
Epoch: 16	Learning Rate :6.194531822620428e-05	Train Loss Step: 5.228147029876709	Train Loss Full: 0.5516536831855774	Val Loss Step: 7.851616859436035	Val Loss Full: 0.8662300109863281	Best Val Loss Full: 0.7458662986755371
Epoch: 17	Learning Rate :6.972746065395552e-05	Train Loss Step: 4.892871856689453	Train Loss Full: 0.5182104706764221	Val Loss Step: 9.173828125	Val Loss Full: 1.0695184469223022	Best Val Loss Full: 0.7458662986755371
Epoch: 18	Learning Rate :7.793431344792667e-05	Train Loss Step: 4.514883041381836	Train Loss Full: 0.47991132736206055	Val Loss Step: 9.518390655517578	Val Loss Full: 1.1223136186599731	Best Val Loss Full: 0.7458662986755371
Epoch: 19	Learning Rate :8.655777678731613e-05	Train Loss Step: 3.9620919227600098	Train Loss Full: 0.42327120900154114	Val Loss Step: 8.955806732177734	Val Loss Full: 1.0766510963439941	Best Val Loss Full: 0.7458662986755371
Epoch: 20	Learning Rate :9.558933967412128e-05	Train Loss Step: 3.4613115787506104	Train Loss Full: 0.3735215663909912	Val Loss Step: 8.667231559753418	Val Loss Full: 1.0491656064987183	Best Val Loss Full: 0.7458662986755371
Epoch: 21	Learning Rate :0.00010502008833313708	Train Loss Step: 3.1637425422668457	Train Loss Full: 0.3436170816421509	Val Loss Step: 8.050532341003418	Val Loss Full: 0.9633244872093201	Best Val Loss Full: 0.7458662986755371
Epoch: 22	Learning Rate :0.00011484071500948126	Train Loss Step: 2.9576804637908936	Train Loss Full: 0.322811484336853	Val Loss Step: 9.93577766418457	Val Loss Full: 1.1610102653503418	Best Val Loss Full: 0.7458662986755371
Epoch: 23	Learning Rate :0.00012504152715495825	Train Loss Step: 2.813027858734131	Train Loss Full: 0.3080516457557678	Val Loss Step: 7.916313171386719	Val Loss Full: 0.9463868737220764	Best Val Loss Full: 0.7458662986755371
Epoch: 24	Learning Rate :0.00013561245699419966	Train Loss Step: 2.661938190460205	Train Loss Full: 0.29297372698783875	Val Loss Step: 9.262986183166504	Val Loss Full: 1.1175190210342407	Best Val Loss Full: 0.7458662986755371
Epoch: 25	Learning Rate :0.00014654307146113818	Train Loss Step: 2.573751211166382	Train Loss Full: 0.28344759345054626	Val Loss Step: 8.056998252868652	Val Loss Full: 0.971419632434845	Best Val Loss Full: 0.7458662986755371
Epoch: 26	Learning Rate :0.00015782258249600744	Train Loss Step: 2.4730441570281982	Train Loss Full: 0.2732062339782715	Val Loss Step: 6.595467567443848	Val Loss Full: 0.78288334608078	Best Val Loss Full: 0.7458662986755371
Epoch: 27	Learning Rate :0.00016943985769270632	Train Loss Step: 2.3954763412475586	Train Loss Full: 0.26538169384002686	Val Loss Step: 6.092872142791748	Val Loss Full: 0.7485020160675049	Best Val Loss Full: 0.7458662986755371
Epoch: 28	Learning Rate :0.00018138343128601918	Train Loss Step: 2.341618537902832	Train Loss Full: 0.2596736252307892	Val Loss Step: 6.455405235290527	Val Loss Full: 0.7776196002960205	Best Val Loss Full: 0.7458662986755371
Epoch: 29	Learning Rate :0.00019364151546784596	Train Loss Step: 2.2842228412628174	Train Loss Full: 0.25378063321113586	Val Loss Step: 8.54435920715332	Val Loss Full: 1.06124746799469	Best Val Loss Full: 0.7458662986755371
Epoch: 30	Learning Rate :0.00020620201202127748	Train Loss Step: 2.2406728267669678	Train Loss Full: 0.2489403635263443	Val Loss Step: 8.330941200256348	Val Loss Full: 1.0118390321731567	Best Val Loss Full: 0.7458662986755371
Epoch: 31	Learning Rate :0.0002190525242610292	Train Loss Step: 2.1854374408721924	Train Loss Full: 0.24316370487213135	Val Loss Step: 6.721758842468262	Val Loss Full: 0.8143745064735413	Best Val Loss Full: 0.7458662986755371
Epoch: 32	Learning Rate :0.00023218036926845166	Train Loss Step: 2.152183771133423	Train Loss Full: 0.23964007198810577	Val Loss Step: 6.090958595275879	Val Loss Full: 0.7412458062171936	Best Val Loss Full: 0.7412458062171936
Epoch: 33	Learning Rate :0.00024557259040904197	Train Loss Step: 2.0984835624694824	Train Loss Full: 0.23426826298236847	Val Loss Step: 6.71033239364624	Val Loss Full: 0.8148577213287354	Best Val Loss Full: 0.7412458062171936
Epoch: 34	Learning Rate :0.00025921597012009974	Train Loss Step: 2.0714895725250244	Train Loss Full: 0.23107263445854187	Val Loss Step: 8.01991081237793	Val Loss Full: 0.96761554479599	Best Val Loss Full: 0.7412458062171936
Epoch: 35	Learning Rate :0.0002730970429559099	Train Loss Step: 2.0777390003204346	Train Loss Full: 0.23092353343963623	Val Loss Step: 5.342965602874756	Val Loss Full: 0.6399361491203308	Best Val Loss Full: 0.6399361491203308
Epoch: 36	Learning Rate :0.00028720210887757467	Train Loss Step: 1.9811534881591797	Train Loss Full: 0.22190096974372864	Val Loss Step: 5.437208652496338	Val Loss Full: 0.6451566219329834	Best Val Loss Full: 0.6399361491203308
Epoch: 37	Learning Rate :0.00030151724677437975	Train Loss Step: 1.9897462129592896	Train Loss Full: 0.22208642959594727	Val Loss Step: 6.343017578125	Val Loss Full: 0.767761766910553	Best Val Loss Full: 0.6399361491203308
Epoch: 38	Learning Rate :0.0003160283282033485	Train Loss Step: 1.9587128162384033	Train Loss Full: 0.2187863141298294	Val Loss Step: 6.262401103973389	Val Loss Full: 0.7736353874206543	Best Val Loss Full: 0.6399361491203308
Epoch: 39	Learning Rate :0.0003307210313334253	Train Loss Step: 1.8952893018722534	Train Loss Full: 0.21226564049720764	Val Loss Step: 5.223872184753418	Val Loss Full: 0.6234843134880066	Best Val Loss Full: 0.6234843134880066
Epoch: 40	Learning Rate :0.00034558085508052435	Train Loss Step: 1.8962810039520264	Train Loss Full: 0.21197983622550964	Val Loss Step: 6.178803443908691	Val Loss Full: 0.7347158789634705	Best Val Loss Full: 0.6234843134880066
Epoch: 41	Learning Rate :0.0003605931334194931	Train Loss Step: 1.885728359222412	Train Loss Full: 0.2107943743467331	Val Loss Step: 5.946545124053955	Val Loss Full: 0.7220029830932617	Best Val Loss Full: 0.6234843134880066
Epoch: 42	Learning Rate :0.0003757430498588678	Train Loss Step: 1.8590093851089478	Train Loss Full: 0.20790813863277435	Val Loss Step: 5.367861270904541	Val Loss Full: 0.6614383459091187	Best Val Loss Full: 0.6234843134880066
Epoch: 43	Learning Rate :0.00039101565206412935	Train Loss Step: 1.8082093000411987	Train Loss Full: 0.2026945799589157	Val Loss Step: 5.105456352233887	Val Loss Full: 0.6217014193534851	Best Val Loss Full: 0.6217014193534851
Epoch: 44	Learning Rate :0.00040639586661503477	Train Loss Step: 1.7885539531707764	Train Loss Full: 0.20035508275032043	Val Loss Step: 4.712965965270996	Val Loss Full: 0.5654477477073669	Best Val Loss Full: 0.5654477477073669
Epoch: 45	Learning Rate :0.0004218685138824517	Train Loss Step: 1.7885767221450806	Train Loss Full: 0.20010900497436523	Val Loss Step: 4.458159923553467	Val Loss Full: 0.5274345278739929	Best Val Loss Full: 0.5274345278739929
Epoch: 46	Learning Rate :0.0004374183230100192	Train Loss Step: 1.7478117942810059	Train Loss Full: 0.19611912965774536	Val Loss Step: 4.935582637786865	Val Loss Full: 0.5888248085975647	Best Val Loss Full: 0.5274345278739929
Epoch: 47	Learning Rate :0.000453029946985844	Train Loss Step: 1.7392407655715942	Train Loss Full: 0.19478893280029297	Val Loss Step: 6.811327934265137	Val Loss Full: 0.847091794013977	Best Val Loss Full: 0.5274345278739929
Epoch: 48	Learning Rate :0.0004686879777893605	Train Loss Step: 1.6994985342025757	Train Loss Full: 0.19070817530155182	Val Loss Step: 5.02087926864624	Val Loss Full: 0.6170803904533386	Best Val Loss Full: 0.5274345278739929
Epoch: 49	Learning Rate :0.00048437696159840356	Train Loss Step: 1.687053918838501	Train Loss Full: 0.18932577967643738	Val Loss Step: 4.190805435180664	Val Loss Full: 0.5004187822341919	Best Val Loss Full: 0.5004187822341919
Epoch: 50	Learning Rate :0.0005000814140414842	Train Loss Step: 1.679998755455017	Train Loss Full: 0.18835294246673584	Val Loss Step: 4.868010997772217	Val Loss Full: 0.5905193090438843	Best Val Loss Full: 0.5004187822341919
Epoch: 51	Learning Rate :0.0005157858354802186	Train Loss Step: 1.6818044185638428	Train Loss Full: 0.18818077445030212	Val Loss Step: 5.63825798034668	Val Loss Full: 0.7051700949668884	Best Val Loss Full: 0.5004187822341919
Epoch: 52	Learning Rate :0.0005314747263068223	Train Loss Step: 1.6462918519973755	Train Loss Full: 0.1845313161611557	Val Loss Step: 5.519749641418457	Val Loss Full: 0.6712775230407715	Best Val Loss Full: 0.5004187822341919
Epoch: 53	Learning Rate :0.000547132602241577	Train Loss Step: 1.632617473602295	Train Loss Full: 0.1830487996339798	Val Loss Step: 5.061498641967773	Val Loss Full: 0.6119498610496521	Best Val Loss Full: 0.5004187822341919
Epoch: 54	Learning Rate :0.0005627440096151657	Train Loss Step: 1.606355905532837	Train Loss Full: 0.18018746376037598	Val Loss Step: 5.391371250152588	Val Loss Full: 0.6588552594184875	Best Val Loss Full: 0.5004187822341919
Epoch: 55	Learning Rate :0.0005782935406208003	Train Loss Step: 1.6029330492019653	Train Loss Full: 0.1796811819076538	Val Loss Step: 5.6173248291015625	Val Loss Full: 0.6809927821159363	Best Val Loss Full: 0.5004187822341919
Epoch: 56	Learning Rate :0.0005937658485210828	Train Loss Step: 1.5680644512176514	Train Loss Full: 0.17609573900699615	Val Loss Step: 5.539101600646973	Val Loss Full: 0.682730495929718	Best Val Loss Full: 0.5004187822341919
Epoch: 57	Learning Rate :0.0006091456627945928	Train Loss Step: 1.5281422138214111	Train Loss Full: 0.17205683887004852	Val Loss Step: 4.207429885864258	Val Loss Full: 0.49904510378837585	Best Val Loss Full: 0.49904510378837585
Epoch: 58	Learning Rate :0.0006244178042072556	Train Loss Step: 1.5451548099517822	Train Loss Full: 0.17333757877349854	Val Loss Step: 4.5022196769714355	Val Loss Full: 0.5586201548576355	Best Val Loss Full: 0.49904510378837585
Epoch: 59	Learning Rate :0.0006395671997936104	Train Loss Step: 1.520394206047058	Train Loss Full: 0.17061176896095276	Val Loss Step: 5.415017127990723	Val Loss Full: 0.64628005027771	Best Val Loss Full: 0.49904510378837585
Epoch: 60	Learning Rate :0.0006545788977331995	Train Loss Step: 1.504931926727295	Train Loss Full: 0.16914646327495575	Val Loss Step: 3.838202714920044	Val Loss Full: 0.4605783224105835	Best Val Loss Full: 0.4605783224105835
Epoch: 61	Learning Rate :0.0006694380821073878	Train Loss Step: 1.4866238832473755	Train Loss Full: 0.1669338494539261	Val Loss Step: 4.959205150604248	Val Loss Full: 0.6185575723648071	Best Val Loss Full: 0.4605783224105835
Epoch: 62	Learning Rate :0.0006841300875220581	Train Loss Step: 1.4799774885177612	Train Loss Full: 0.16604608297348022	Val Loss Step: 4.864668369293213	Val Loss Full: 0.595384955406189	Best Val Loss Full: 0.4605783224105835
Epoch: 63	Learning Rate :0.0006986404135817398	Train Loss Step: 1.445967674255371	Train Loss Full: 0.1626420021057129	Val Loss Step: 4.484994411468506	Val Loss Full: 0.5462291836738586	Best Val Loss Full: 0.4605783224105835
Epoch: 64	Learning Rate :0.0007129547392008958	Train Loss Step: 1.4644032716751099	Train Loss Full: 0.16413132846355438	Val Loss Step: 3.9953877925872803	Val Loss Full: 0.4793923795223236	Best Val Loss Full: 0.4605783224105835
Epoch: 65	Learning Rate :0.0007270589367382332	Train Loss Step: 1.4381595849990845	Train Loss Full: 0.16147708892822266	Val Loss Step: 4.09269380569458	Val Loss Full: 0.4929564893245697	Best Val Loss Full: 0.4605783224105835
Epoch: 66	Learning Rate :0.000740939085940097	Train Loss Step: 1.4460035562515259	Train Loss Full: 0.16225500404834747	Val Loss Step: 4.630237579345703	Val Loss Full: 0.5586194396018982	Best Val Loss Full: 0.4605783224105835
Epoch: 67	Learning Rate :0.0007545814876791775	Train Loss Step: 1.3918697834014893	Train Loss Full: 0.1565117985010147	Val Loss Step: 4.2201337814331055	Val Loss Full: 0.5121145248413086	Best Val Loss Full: 0.4605783224105835
Epoch: 68	Learning Rate :0.0007679726774749767	Train Loss Step: 1.3809444904327393	Train Loss Full: 0.15516574680805206	Val Loss Step: 4.311965465545654	Val Loss Full: 0.5213603973388672	Best Val Loss Full: 0.4605783224105835
Epoch: 69	Learning Rate :0.0007810994387826888	Train Loss Step: 1.364679217338562	Train Loss Full: 0.15331913530826569	Val Loss Step: 4.883184909820557	Val Loss Full: 0.6093807220458984	Best Val Loss Full: 0.4605783224105835
Epoch: 70	Learning Rate :0.0007939488160373773	Train Loss Step: 1.3641163110733032	Train Loss Full: 0.15329331159591675	Val Loss Step: 4.165886878967285	Val Loss Full: 0.5020247101783752	Best Val Loss Full: 0.4605783224105835
Epoch: 71	Learning Rate :0.0008065081274405755	Train Loss Step: 1.350507378578186	Train Loss Full: 0.15161852538585663	Val Loss Step: 3.745124101638794	Val Loss Full: 0.45285308361053467	Best Val Loss Full: 0.45285308361053467
Epoch: 72	Learning Rate :0.0008187649774766924	Train Loss Step: 1.3227711915969849	Train Loss Full: 0.14875715970993042	Val Loss Step: 4.513484001159668	Val Loss Full: 0.5530334115028381	Best Val Loss Full: 0.45285308361053467
Epoch: 73	Learning Rate :0.0008307072691468693	Train Loss Step: 1.3274695873260498	Train Loss Full: 0.14932486414909363	Val Loss Step: 3.9631502628326416	Val Loss Full: 0.4754043221473694	Best Val Loss Full: 0.45285308361053467
Epoch: 74	Learning Rate :0.0008423232159082107	Train Loss Step: 1.3128467798233032	Train Loss Full: 0.14759908616542816	Val Loss Step: 3.5668458938598633	Val Loss Full: 0.43229496479034424	Best Val Loss Full: 0.43229496479034424
Epoch: 75	Learning Rate :0.000853601353306611	Train Loss Step: 1.2912378311157227	Train Loss Full: 0.1452583521604538	Val Loss Step: 3.625483989715576	Val Loss Full: 0.4384882152080536	Best Val Loss Full: 0.43229496479034424
Epoch: 76	Learning Rate :0.000864530550291691	Train Loss Step: 1.270034909248352	Train Loss Full: 0.14295820891857147	Val Loss Step: 3.563868999481201	Val Loss Full: 0.43309032917022705	Best Val Loss Full: 0.43229496479034424
Epoch: 77	Learning Rate :0.0008751000202026798	Train Loss Step: 1.265426516532898	Train Loss Full: 0.14231543242931366	Val Loss Step: 4.1839704513549805	Val Loss Full: 0.5053587555885315	Best Val Loss Full: 0.43229496479034424
Epoch: 78	Learning Rate :0.000885299331414398	Train Loss Step: 1.2446975708007812	Train Loss Full: 0.14033687114715576	Val Loss Step: 3.9351038932800293	Val Loss Full: 0.4725276827812195	Best Val Loss Full: 0.43229496479034424
Epoch: 79	Learning Rate :0.0008951184176328364	Train Loss Step: 1.2440576553344727	Train Loss Full: 0.13986828923225403	Val Loss Step: 3.7088024616241455	Val Loss Full: 0.45551803708076477	Best Val Loss Full: 0.43229496479034424
Epoch: 80	Learning Rate :0.000904547587830167	Train Loss Step: 1.236494541168213	Train Loss Full: 0.13907292485237122	Val Loss Step: 3.9251201152801514	Val Loss Full: 0.46750643849372864	Best Val Loss Full: 0.43229496479034424
Epoch: 81	Learning Rate :0.0009135775358093829	Train Loss Step: 1.2239099740982056	Train Loss Full: 0.13765449821949005	Val Loss Step: 3.4916820526123047	Val Loss Full: 0.4264322817325592	Best Val Loss Full: 0.4264322817325592
Epoch: 82	Learning Rate :0.0009221993493891257	Train Loss Step: 1.2073954343795776	Train Loss Full: 0.13600268959999084	Val Loss Step: 3.5377449989318848	Val Loss Full: 0.430431991815567	Best Val Loss Full: 0.4264322817325592
Epoch: 83	Learning Rate :0.0009304045191996368	Train Loss Step: 1.2111645936965942	Train Loss Full: 0.13607652485370636	Val Loss Step: 3.3461740016937256	Val Loss Full: 0.4075079560279846	Best Val Loss Full: 0.4075079560279846
Epoch: 84	Learning Rate :0.0009381849470811483	Train Loss Step: 1.2008126974105835	Train Loss Full: 0.13507255911827087	Val Loss Step: 3.558629274368286	Val Loss Full: 0.43834203481674194	Best Val Loss Full: 0.4075079560279846
Epoch: 85	Learning Rate :0.0009455329540764302	Train Loss Step: 1.18024742603302	Train Loss Full: 0.1328790932893753	Val Loss Step: 3.679990768432617	Val Loss Full: 0.45132341980934143	Best Val Loss Full: 0.4075079560279846
Epoch: 86	Learning Rate :0.000952441288009599	Train Loss Step: 1.1757980585098267	Train Loss Full: 0.13227051496505737	Val Loss Step: 4.020112037658691	Val Loss Full: 0.50306236743927	Best Val Loss Full: 0.4075079560279846
Epoch: 87	Learning Rate :0.0009589031306437125	Train Loss Step: 1.1628413200378418	Train Loss Full: 0.1306130737066269	Val Loss Step: 3.93845534324646	Val Loss Full: 0.4785073697566986	Best Val Loss Full: 0.4075079560279846
Epoch: 88	Learning Rate :0.0009649121044100855	Train Loss Step: 1.1438813209533691	Train Loss Full: 0.12876306474208832	Val Loss Step: 3.3974764347076416	Val Loss Full: 0.41763511300086975	Best Val Loss Full: 0.4075079560279846
Epoch: 89	Learning Rate :0.0009704622787026826	Train Loss Step: 1.1483081579208374	Train Loss Full: 0.1293279230594635	Val Loss Step: 3.6362578868865967	Val Loss Full: 0.44599997997283936	Best Val Loss Full: 0.4075079560279846
Epoch: 90	Learning Rate :0.0009755481757313796	Train Loss Step: 1.135206699371338	Train Loss Full: 0.12781842052936554	Val Loss Step: 3.9637653827667236	Val Loss Full: 0.4944961965084076	Best Val Loss Full: 0.4075079560279846
Epoch: 91	Learning Rate :0.0009801647759283122	Train Loss Step: 1.1130430698394775	Train Loss Full: 0.12530958652496338	Val Loss Step: 3.713456392288208	Val Loss Full: 0.4589683413505554	Best Val Loss Full: 0.4075079560279846
Epoch: 92	Learning Rate :0.000984307522901981	Train Loss Step: 1.0985172986984253	Train Loss Full: 0.12377526611089706	Val Loss Step: 3.3580970764160156	Val Loss Full: 0.4097411334514618	Best Val Loss Full: 0.4075079560279846
Epoch: 93	Learning Rate :0.000987972327934219	Train Loss Step: 1.1032142639160156	Train Loss Full: 0.12432198971509933	Val Loss Step: 4.2887396812438965	Val Loss Full: 0.5371204018592834	Best Val Loss Full: 0.4075079560279846
Epoch: 94	Learning Rate :0.0009911555740155854	Train Loss Step: 1.090735673904419	Train Loss Full: 0.12286590039730072	Val Loss Step: 4.162054538726807	Val Loss Full: 0.5161581635475159	Best Val Loss Full: 0.4075079560279846
Epoch: 95	Learning Rate :0.0009938541194152032	Train Loss Step: 1.0904576778411865	Train Loss Full: 0.1224837452173233	Val Loss Step: 3.691049814224243	Val Loss Full: 0.4574729800224304	Best Val Loss Full: 0.4075079560279846
Epoch: 96	Learning Rate :0.0009960653007815156	Train Loss Step: 1.0659927129745483	Train Loss Full: 0.12018083035945892	Val Loss Step: 3.371978998184204	Val Loss Full: 0.4130977988243103	Best Val Loss Full: 0.4075079560279846
Epoch: 97	Learning Rate :0.000997786935770904	Train Loss Step: 1.075650930404663	Train Loss Full: 0.12124263495206833	Val Loss Step: 3.8705687522888184	Val Loss Full: 0.48233482241630554	Best Val Loss Full: 0.4075079560279846
Epoch: 98	Learning Rate :0.0009990173252015684	Train Loss Step: 1.0578594207763672	Train Loss Full: 0.1191171407699585	Val Loss Step: 3.6399452686309814	Val Loss Full: 0.45329710841178894	Best Val Loss Full: 0.4075079560279846
Epoch: 99	Learning Rate :0.0009997552547305504	Train Loss Step: 1.0516844987869263	Train Loss Full: 0.11859679967164993	Val Loss Step: 3.7539916038513184	Val Loss Full: 0.46417105197906494	Best Val Loss Full: 0.4075079560279846
Epoch: 100	Learning Rate :0.00099999999975326	Train Loss Step: 1.0422723293304443	Train Loss Full: 0.11729340255260468	Val Loss Step: 3.36492657661438	Val Loss Full: 0.42140641808509827	Best Val Loss Full: 0.4075079560279846
Epoch: 101	Learning Rate :0.0009999844552070311	Train Loss Step: 1.0269980430603027	Train Loss Full: 0.11578956991434097	Val Loss Step: 3.1640188694000244	Val Loss Full: 0.3868524134159088	Best Val Loss Full: 0.3868524134159088
Epoch: 102	Learning Rate :0.0009999380692647766	Train Loss Step: 1.0262807607650757	Train Loss Full: 0.11553353816270828	Val Loss Step: 3.6198883056640625	Val Loss Full: 0.4366004467010498	Best Val Loss Full: 0.3868524134159088
Epoch: 103	Learning Rate :0.0009998608447877998	Train Loss Step: 1.0054566860198975	Train Loss Full: 0.11312233656644821	Val Loss Step: 2.8593719005584717	Val Loss Full: 0.3543935716152191	Best Val Loss Full: 0.3543935716152191
Epoch: 104	Learning Rate :0.0009997527865396698	Train Loss Step: 1.0088036060333252	Train Loss Full: 0.11353661119937897	Val Loss Step: 3.4595730304718018	Val Loss Full: 0.4287583529949188	Best Val Loss Full: 0.3543935716152191
Epoch: 105	Learning Rate :0.000999613901185929	Train Loss Step: 0.9922369122505188	Train Loss Full: 0.1118798702955246	Val Loss Step: 4.422687530517578	Val Loss Full: 0.5601096153259277	Best Val Loss Full: 0.3543935716152191
Epoch: 106	Learning Rate :0.0009994441972936796	Train Loss Step: 0.9908371567726135	Train Loss Full: 0.11142397671937943	Val Loss Step: 3.9141008853912354	Val Loss Full: 0.4878815710544586	Best Val Loss Full: 0.3543935716152191
Epoch: 107	Learning Rate :0.0009992436853310572	Train Loss Step: 0.9789153337478638	Train Loss Full: 0.11035393178462982	Val Loss Step: 3.373324155807495	Val Loss Full: 0.42108985781669617	Best Val Loss Full: 0.3543935716152191
Epoch: 108	Learning Rate :0.0009990123776665845	Train Loss Step: 0.9775213599205017	Train Loss Full: 0.11008058488368988	Val Loss Step: 3.205594778060913	Val Loss Full: 0.40041640400886536	Best Val Loss Full: 0.3543935716152191
Epoch: 109	Learning Rate :0.0009987502885684077	Train Loss Step: 0.9833934307098389	Train Loss Full: 0.11065664887428284	Val Loss Step: 3.255552053451538	Val Loss Full: 0.39849841594696045	Best Val Loss Full: 0.3543935716152191
Epoch: 110	Learning Rate :0.0009984574342034166	Train Loss Step: 0.9734129905700684	Train Loss Full: 0.10950382798910141	Val Loss Step: 3.247976064682007	Val Loss Full: 0.3959546685218811	Best Val Loss Full: 0.3543935716152191
Epoch: 111	Learning Rate :0.0009981338326362484	Train Loss Step: 0.9490333199501038	Train Loss Full: 0.10678771138191223	Val Loss Step: 3.420748472213745	Val Loss Full: 0.4214567542076111	Best Val Loss Full: 0.3543935716152191
Epoch: 112	Learning Rate :0.0009977795038281713	Train Loss Step: 0.9426456689834595	Train Loss Full: 0.10614011436700821	Val Loss Step: 2.9808647632598877	Val Loss Full: 0.3720800280570984	Best Val Loss Full: 0.3543935716152191
Epoch: 113	Learning Rate :0.000997394469635856	Train Loss Step: 0.9424563050270081	Train Loss Full: 0.10593409836292267	Val Loss Step: 3.359097719192505	Val Loss Full: 0.42848753929138184	Best Val Loss Full: 0.3543935716152191
Epoch: 114	Learning Rate :0.0009969787538100247	Train Loss Step: 0.9314062595367432	Train Loss Full: 0.10482408851385117	Val Loss Step: 3.598712921142578	Val Loss Full: 0.45456480979919434	Best Val Loss Full: 0.3543935716152191
Epoch: 115	Learning Rate :0.000996532381993988	Train Loss Step: 0.9296531677246094	Train Loss Full: 0.1045534759759903	Val Loss Step: 3.106614351272583	Val Loss Full: 0.38473814725875854	Best Val Loss Full: 0.3543935716152191
Epoch: 116	Learning Rate :0.0009960553817220618	Train Loss Step: 0.9194099307060242	Train Loss Full: 0.1036238893866539	Val Loss Step: 3.29236102104187	Val Loss Full: 0.41455206274986267	Best Val Loss Full: 0.3543935716152191
Epoch: 117	Learning Rate :0.0009955477824178701	Train Loss Step: 0.9129406809806824	Train Loss Full: 0.10264471918344498	Val Loss Step: 3.189720630645752	Val Loss Full: 0.39535072445869446	Best Val Loss Full: 0.3543935716152191
Epoch: 118	Learning Rate :0.0009950096153925289	Train Loss Step: 0.9129500985145569	Train Loss Full: 0.10271647572517395	Val Loss Step: 3.5662288665771484	Val Loss Full: 0.4479144215583801	Best Val Loss Full: 0.3543935716152191
Epoch: 119	Learning Rate :0.0009944409138427151	Train Loss Step: 0.9064446687698364	Train Loss Full: 0.1018672063946724	Val Loss Step: 3.787775993347168	Val Loss Full: 0.4736226201057434	Best Val Loss Full: 0.3543935716152191
Epoch: 120	Learning Rate :0.0009938417128486192	Train Loss Step: 0.9028983116149902	Train Loss Full: 0.10141761600971222	Val Loss Step: 3.2210280895233154	Val Loss Full: 0.4012813866138458	Best Val Loss Full: 0.3543935716152191
Epoch: 121	Learning Rate :0.000993212049371781	Train Loss Step: 0.89315265417099	Train Loss Full: 0.10053788125514984	Val Loss Step: 2.899709939956665	Val Loss Full: 0.35515275597572327	Best Val Loss Full: 0.3543935716152191
Epoch: 122	Learning Rate :0.00099255196225281	Train Loss Step: 0.8800250887870789	Train Loss Full: 0.098861925303936	Val Loss Step: 3.180025577545166	Val Loss Full: 0.3965114951133728	Best Val Loss Full: 0.3543935716152191
Epoch: 123	Learning Rate :0.0009918614922089885	Train Loss Step: 0.8758326172828674	Train Loss Full: 0.09842429310083389	Val Loss Step: 4.1804375648498535	Val Loss Full: 0.5234094858169556	Best Val Loss Full: 0.3543935716152191
Epoch: 124	Learning Rate :0.0009911406818317618	Train Loss Step: 0.8823402523994446	Train Loss Full: 0.09906783699989319	Val Loss Step: 3.072392225265503	Val Loss Full: 0.38479822874069214	Best Val Loss Full: 0.3543935716152191
Epoch: 125	Learning Rate :0.0009903895755841087	Train Loss Step: 0.8796107172966003	Train Loss Full: 0.0987677201628685	Val Loss Step: 2.68776798248291	Val Loss Full: 0.3341016173362732	Best Val Loss Full: 0.3341016173362732
Epoch: 126	Learning Rate :0.000989608219797801	Train Loss Step: 0.8560230135917664	Train Loss Full: 0.09627281874418259	Val Loss Step: 3.589254140853882	Val Loss Full: 0.4539162814617157	Best Val Loss Full: 0.3341016173362732
Epoch: 127	Learning Rate :0.000988796662670544	Train Loss Step: 0.8601613640785217	Train Loss Full: 0.09664250910282135	Val Loss Step: 4.110893249511719	Val Loss Full: 0.5170584917068481	Best Val Loss Full: 0.3341016173362732
Epoch: 128	Learning Rate :0.000987954954263004	Train Loss Step: 0.846865713596344	Train Loss Full: 0.09512047469615936	Val Loss Step: 2.9787185192108154	Val Loss Full: 0.37256214022636414	Best Val Loss Full: 0.3341016173362732
Epoch: 129	Learning Rate :0.0009870831464957202	Train Loss Step: 0.8421287536621094	Train Loss Full: 0.09451358765363693	Val Loss Step: 3.0878145694732666	Val Loss Full: 0.3889580965042114	Best Val Loss Full: 0.3341016173362732
Epoch: 130	Learning Rate :0.0009861812931459028	Train Loss Step: 0.8396975994110107	Train Loss Full: 0.09411447495222092	Val Loss Step: 2.6973965167999268	Val Loss Full: 0.3385275900363922	Best Val Loss Full: 0.3341016173362732
Epoch: 131	Learning Rate :0.000985249449844114	Train Loss Step: 0.84166020154953	Train Loss Full: 0.09443405270576477	Val Loss Step: 2.7496089935302734	Val Loss Full: 0.347660630941391	Best Val Loss Full: 0.3341016173362732
Epoch: 132	Learning Rate :0.0009842876740708386	Train Loss Step: 0.8311300873756409	Train Loss Full: 0.09322930872440338	Val Loss Step: 3.4367973804473877	Val Loss Full: 0.4387753903865814	Best Val Loss Full: 0.3341016173362732
Epoch: 133	Learning Rate :0.000983296025152936	Train Loss Step: 0.8228261470794678	Train Loss Full: 0.09222493320703506	Val Loss Step: 2.933166742324829	Val Loss Full: 0.3696215748786926	Best Val Loss Full: 0.3341016173362732
Epoch: 134	Learning Rate :0.0009822745642599827	Train Loss Step: 0.8261327743530273	Train Loss Full: 0.0926373079419136	Val Loss Step: 2.9607794284820557	Val Loss Full: 0.36724892258644104	Best Val Loss Full: 0.3341016173362732
Epoch: 135	Learning Rate :0.0009812233544004986	Train Loss Step: 0.8135329484939575	Train Loss Full: 0.09120196849107742	Val Loss Step: 2.772012948989868	Val Loss Full: 0.3526763319969177	Best Val Loss Full: 0.3341016173362732
Epoch: 136	Learning Rate :0.000980142460418059	Train Loss Step: 0.8054247498512268	Train Loss Full: 0.09046129137277603	Val Loss Step: 2.685718059539795	Val Loss Full: 0.34278419613838196	Best Val Loss Full: 0.3341016173362732
Epoch: 137	Learning Rate :0.0009790319489872963	Train Loss Step: 0.8095881342887878	Train Loss Full: 0.09077807515859604	Val Loss Step: 3.627352237701416	Val Loss Full: 0.46366381645202637	Best Val Loss Full: 0.3341016173362732
Epoch: 138	Learning Rate :0.0009778918886097865	Train Loss Step: 0.8011507987976074	Train Loss Full: 0.08974382281303406	Val Loss Step: 2.599139928817749	Val Loss Full: 0.32535842061042786	Best Val Loss Full: 0.32535842061042786
Epoch: 139	Learning Rate :0.000976722349609824	Train Loss Step: 0.8034405708312988	Train Loss Full: 0.09012994170188904	Val Loss Step: 2.9685473442077637	Val Loss Full: 0.3699478209018707	Best Val Loss Full: 0.32535842061042786
Epoch: 140	Learning Rate :0.000975523404130083	Train Loss Step: 0.7924455404281616	Train Loss Full: 0.08871561288833618	Val Loss Step: 2.9769961833953857	Val Loss Full: 0.3708001673221588	Best Val Loss Full: 0.32535842061042786
Epoch: 141	Learning Rate :0.0009742951261271685	Train Loss Step: 0.8020363450050354	Train Loss Full: 0.08983799815177917	Val Loss Step: 2.6849660873413086	Val Loss Full: 0.3356522023677826	Best Val Loss Full: 0.32535842061042786
Epoch: 142	Learning Rate :0.0009730375913670535	Train Loss Step: 0.7825456261634827	Train Loss Full: 0.08757544308900833	Val Loss Step: 2.4872920513153076	Val Loss Full: 0.3138737976551056	Best Val Loss Full: 0.3138737976551056
Epoch: 143	Learning Rate :0.0009717508774204053	Train Loss Step: 0.7869081497192383	Train Loss Full: 0.08800602704286575	Val Loss Step: 2.3719961643218994	Val Loss Full: 0.30056121945381165	Best Val Loss Full: 0.30056121945381165
Epoch: 144	Learning Rate :0.0009704350636578013	Train Loss Step: 0.783871591091156	Train Loss Full: 0.08777286857366562	Val Loss Step: 2.5287234783172607	Val Loss Full: 0.3154588043689728	Best Val Loss Full: 0.30056121945381165
Epoch: 145	Learning Rate :0.0009690902312448322	Train Loss Step: 0.7719296813011169	Train Loss Full: 0.08635129779577255	Val Loss Step: 2.9789249897003174	Val Loss Full: 0.37296056747436523	Best Val Loss Full: 0.30056121945381165
Epoch: 146	Learning Rate :0.0009677164631370961	Train Loss Step: 0.7713903188705444	Train Loss Full: 0.08641554415225983	Val Loss Step: 2.546966075897217	Val Loss Full: 0.3178209960460663	Best Val Loss Full: 0.30056121945381165
Epoch: 147	Learning Rate :0.000966313844075081	Train Loss Step: 0.7733017802238464	Train Loss Full: 0.08648877590894699	Val Loss Step: 2.537921905517578	Val Loss Full: 0.32037419080734253	Best Val Loss Full: 0.30056121945381165
Epoch: 148	Learning Rate :0.0009648824605789373	Train Loss Step: 0.7577663064002991	Train Loss Full: 0.08485934883356094	Val Loss Step: 2.6529300212860107	Val Loss Full: 0.33859118819236755	Best Val Loss Full: 0.30056121945381165
Epoch: 149	Learning Rate :0.0009634224009431418	Train Loss Step: 0.7609958648681641	Train Loss Full: 0.08513260632753372	Val Loss Step: 2.686199188232422	Val Loss Full: 0.3424259126186371	Best Val Loss Full: 0.30056121945381165
Epoch: 150	Learning Rate :0.0009619337552310499	Train Loss Step: 0.7631819248199463	Train Loss Full: 0.08542461693286896	Val Loss Step: 2.8423385620117188	Val Loss Full: 0.3619101643562317	Best Val Loss Full: 0.30056121945381165
Epoch: 151	Learning Rate :0.0009604166152693415	Train Loss Step: 0.7448004484176636	Train Loss Full: 0.08328624814748764	Val Loss Step: 2.8953912258148193	Val Loss Full: 0.3699503540992737	Best Val Loss Full: 0.30056121945381165
Epoch: 152	Learning Rate :0.0009588710746423559	Train Loss Step: 0.7603104114532471	Train Loss Full: 0.08507988601922989	Val Loss Step: 2.949357748031616	Val Loss Full: 0.3707006871700287	Best Val Loss Full: 0.30056121945381165
Epoch: 153	Learning Rate :0.0009572972286863191	Train Loss Step: 0.7326155304908752	Train Loss Full: 0.08193928003311157	Val Loss Step: 2.539522647857666	Val Loss Full: 0.3237799406051636	Best Val Loss Full: 0.30056121945381165
Epoch: 154	Learning Rate :0.000955695174483463	Train Loss Step: 0.7439174652099609	Train Loss Full: 0.08324576169252396	Val Loss Step: 2.663630247116089	Val Loss Full: 0.3379489779472351	Best Val Loss Full: 0.30056121945381165
Epoch: 155	Learning Rate :0.0009540650108560373	Train Loss Step: 0.7336038947105408	Train Loss Full: 0.08207547664642334	Val Loss Step: 2.8925020694732666	Val Loss Full: 0.36817482113838196	Best Val Loss Full: 0.30056121945381165
Epoch: 156	Learning Rate :0.0009524068383602132	Train Loss Step: 0.7399938106536865	Train Loss Full: 0.08269339054822922	Val Loss Step: 2.4899418354034424	Val Loss Full: 0.31822842359542847	Best Val Loss Full: 0.30056121945381165
Epoch: 157	Learning Rate :0.000950720759279881	Train Loss Step: 0.7296361923217773	Train Loss Full: 0.081514872610569	Val Loss Step: 2.6936469078063965	Val Loss Full: 0.3391384184360504	Best Val Loss Full: 0.30056121945381165
Epoch: 158	Learning Rate :0.0009490068776203406	Train Loss Step: 0.7212632298469543	Train Loss Full: 0.08064509183168411	Val Loss Step: 2.652467966079712	Val Loss Full: 0.3320034444332123	Best Val Loss Full: 0.30056121945381165
Epoch: 159	Learning Rate :0.0009472652991018857	Train Loss Step: 0.7298526763916016	Train Loss Full: 0.08147440105676651	Val Loss Step: 2.654191017150879	Val Loss Full: 0.3392180800437927	Best Val Loss Full: 0.30056121945381165
Epoch: 160	Learning Rate :0.0009454961311532828	Train Loss Step: 0.7246459722518921	Train Loss Full: 0.08089865744113922	Val Loss Step: 2.3096089363098145	Val Loss Full: 0.29296621680259705	Best Val Loss Full: 0.29296621680259705
Epoch: 161	Learning Rate :0.0009436994829051448	Train Loss Step: 0.7139800786972046	Train Loss Full: 0.07984693348407745	Val Loss Step: 2.2914814949035645	Val Loss Full: 0.29023730754852295	Best Val Loss Full: 0.29023730754852295
Epoch: 162	Learning Rate :0.0009418754651831985	Train Loss Step: 0.7144953608512878	Train Loss Full: 0.07981362193822861	Val Loss Step: 2.8320329189300537	Val Loss Full: 0.35026422142982483	Best Val Loss Full: 0.29023730754852295
Epoch: 163	Learning Rate :0.0009400241905014487	Train Loss Step: 0.7088554501533508	Train Loss Full: 0.07905744761228561	Val Loss Step: 2.894909620285034	Val Loss Full: 0.366000771522522	Best Val Loss Full: 0.29023730754852295
Epoch: 164	Learning Rate :0.0009381457730552384	Train Loss Step: 0.7161797881126404	Train Loss Full: 0.08003084361553192	Val Loss Step: 2.8225948810577393	Val Loss Full: 0.3617626428604126	Best Val Loss Full: 0.29023730754852295
Epoch: 165	Learning Rate :0.0009362403287142035	Train Loss Step: 0.697583794593811	Train Loss Full: 0.07781341671943665	Val Loss Step: 2.42244291305542	Val Loss Full: 0.30723169445991516	Best Val Loss Full: 0.29023730754852295
Epoch: 166	Learning Rate :0.0009343079750151264	Train Loss Step: 0.7015495896339417	Train Loss Full: 0.07829489558935165	Val Loss Step: 2.543457508087158	Val Loss Full: 0.3188462257385254	Best Val Loss Full: 0.29023730754852295
Epoch: 167	Learning Rate :0.0009323488311546857	Train Loss Step: 0.700263500213623	Train Loss Full: 0.07810349762439728	Val Loss Step: 2.603353261947632	Val Loss Full: 0.3330172896385193	Best Val Loss Full: 0.29023730754852295
Epoch: 168	Learning Rate :0.0009303630179821029	Train Loss Step: 0.7005082964897156	Train Loss Full: 0.07805255055427551	Val Loss Step: 2.3342018127441406	Val Loss Full: 0.29493555426597595	Best Val Loss Full: 0.29023730754852295
Epoch: 169	Learning Rate :0.0009283506579916886	Train Loss Step: 0.6983786225318909	Train Loss Full: 0.0778380036354065	Val Loss Step: 2.8978047370910645	Val Loss Full: 0.369242399930954	Best Val Loss Full: 0.29023730754852295
Epoch: 170	Learning Rate :0.000926311875315286	Train Loss Step: 0.6808125972747803	Train Loss Full: 0.0759025439620018	Val Loss Step: 2.2839245796203613	Val Loss Full: 0.291997492313385	Best Val Loss Full: 0.29023730754852295
Epoch: 171	Learning Rate :0.0009242467957146143	Train Loss Step: 0.6982582211494446	Train Loss Full: 0.07784296572208405	Val Loss Step: 2.7703747749328613	Val Loss Full: 0.35434943437576294	Best Val Loss Full: 0.29023730754852295
Epoch: 172	Learning Rate :0.0009221555465735104	Train Loss Step: 0.6782019734382629	Train Loss Full: 0.07552041858434677	Val Loss Step: 2.5093367099761963	Val Loss Full: 0.31874439120292664	Best Val Loss Full: 0.29023730754852295
Epoch: 173	Learning Rate :0.0009200382568900722	Train Loss Step: 0.6877319812774658	Train Loss Full: 0.07660241425037384	Val Loss Step: 3.015765428543091	Val Loss Full: 0.3860880136489868	Best Val Loss Full: 0.29023730754852295
Epoch: 174	Learning Rate :0.0009178950572687004	Train Loss Step: 0.6754658818244934	Train Loss Full: 0.07519551366567612	Val Loss Step: 2.719733238220215	Val Loss Full: 0.34372478723526	Best Val Loss Full: 0.29023730754852295
Epoch: 175	Learning Rate :0.0009157260799120434	Train Loss Step: 0.6793776154518127	Train Loss Full: 0.07568670809268951	Val Loss Step: 2.520005464553833	Val Loss Full: 0.32619428634643555	Best Val Loss Full: 0.29023730754852295
Epoch: 176	Learning Rate :0.000913531458612841	Train Loss Step: 0.6709831953048706	Train Loss Full: 0.07468975335359573	Val Loss Step: 2.450666666030884	Val Loss Full: 0.3160304129123688	Best Val Loss Full: 0.29023730754852295
Epoch: 177	Learning Rate :0.0009113113287456729	Train Loss Step: 0.6820392608642578	Train Loss Full: 0.07585244625806808	Val Loss Step: 2.819230079650879	Val Loss Full: 0.35263049602508545	Best Val Loss Full: 0.29023730754852295
Epoch: 178	Learning Rate :0.0009090658272586067	Train Loss Step: 0.6651523113250732	Train Loss Full: 0.07409018278121948	Val Loss Step: 2.6513023376464844	Val Loss Full: 0.33560988306999207	Best Val Loss Full: 0.29023730754852295
Epoch: 179	Learning Rate :0.0009067950926647515	Train Loss Step: 0.6705619096755981	Train Loss Full: 0.07466953992843628	Val Loss Step: 2.5931754112243652	Val Loss Full: 0.33428138494491577	Best Val Loss Full: 0.29023730754852295
Epoch: 180	Learning Rate :0.0009044992650337132	Train Loss Step: 0.6597160696983337	Train Loss Full: 0.07345513254404068	Val Loss Step: 2.6977059841156006	Val Loss Full: 0.34107595682144165	Best Val Loss Full: 0.29023730754852295
Epoch: 181	Learning Rate :0.0009021784859829544	Train Loss Step: 0.6540676951408386	Train Loss Full: 0.07283658534288406	Val Loss Step: 2.1110403537750244	Val Loss Full: 0.26619023084640503	Best Val Loss Full: 0.26619023084640503
Epoch: 182	Learning Rate :0.0008998328986690588	Train Loss Step: 0.6596289277076721	Train Loss Full: 0.07353299856185913	Val Loss Step: 2.3231849670410156	Val Loss Full: 0.2979489862918854	Best Val Loss Full: 0.26619023084640503
Epoch: 183	Learning Rate :0.0008974626477789007	Train Loss Step: 0.653782844543457	Train Loss Full: 0.0726843848824501	Val Loss Step: 2.83207631111145	Val Loss Full: 0.35764551162719727	Best Val Loss Full: 0.26619023084640503
Epoch: 184	Learning Rate :0.0008950678795207195	Train Loss Step: 0.6483850479125977	Train Loss Full: 0.07202652096748352	Val Loss Step: 2.497608184814453	Val Loss Full: 0.3193092346191406	Best Val Loss Full: 0.26619023084640503
Epoch: 185	Learning Rate :0.0008926487416151023	Train Loss Step: 0.6516129374504089	Train Loss Full: 0.07246292382478714	Val Loss Step: 2.1339986324310303	Val Loss Full: 0.2729639410972595	Best Val Loss Full: 0.26619023084640503
Epoch: 186	Learning Rate :0.0008902053832858699	Train Loss Step: 0.6447142958641052	Train Loss Full: 0.07166910916566849	Val Loss Step: 2.2149455547332764	Val Loss Full: 0.28403425216674805	Best Val Loss Full: 0.26619023084640503
Epoch: 187	Learning Rate :0.0008877379552508733	Train Loss Step: 0.639826774597168	Train Loss Full: 0.07126601785421371	Val Loss Step: 2.109010696411133	Val Loss Full: 0.267429918050766	Best Val Loss Full: 0.26619023084640503
Epoch: 188	Learning Rate :0.0008852466097126966	Train Loss Step: 0.6432729959487915	Train Loss Full: 0.07156525552272797	Val Loss Step: 2.2456014156341553	Val Loss Full: 0.28661447763442993	Best Val Loss Full: 0.26619023084640503
Epoch: 189	Learning Rate :0.0008827315003492675	Train Loss Step: 0.6344526410102844	Train Loss Full: 0.07046373188495636	Val Loss Step: 2.1347405910491943	Val Loss Full: 0.2716923654079437	Best Val Loss Full: 0.26619023084640503
Epoch: 190	Learning Rate :0.0008801927823043791	Train Loss Step: 0.6311527490615845	Train Loss Full: 0.07011515647172928	Val Loss Step: 2.1396586894989014	Val Loss Full: 0.27814391255378723	Best Val Loss Full: 0.26619023084640503
Epoch: 191	Learning Rate :0.0008776306121781186	Train Loss Step: 0.6290749311447144	Train Loss Full: 0.06984350830316544	Val Loss Step: 2.3768105506896973	Val Loss Full: 0.3072349727153778	Best Val Loss Full: 0.26619023084640503
Epoch: 192	Learning Rate :0.0008750451480172084	Train Loss Step: 0.632459282875061	Train Loss Full: 0.07032045722007751	Val Loss Step: 2.4890670776367188	Val Loss Full: 0.31810617446899414	Best Val Loss Full: 0.26619023084640503
Epoch: 193	Learning Rate :0.0008724365493052565	Train Loss Step: 0.6276428699493408	Train Loss Full: 0.06975270807743073	Val Loss Step: 2.325965642929077	Val Loss Full: 0.29706260561943054	Best Val Loss Full: 0.26619023084640503
Epoch: 194	Learning Rate :0.0008698049769529192	Train Loss Step: 0.6242937445640564	Train Loss Full: 0.06927356123924255	Val Loss Step: 2.0365614891052246	Val Loss Full: 0.2590794861316681	Best Val Loss Full: 0.2590794861316681
Epoch: 195	Learning Rate :0.0008671505932879748	Train Loss Step: 0.6199096441268921	Train Loss Full: 0.06887155771255493	Val Loss Step: 2.686479330062866	Val Loss Full: 0.34369441866874695	Best Val Loss Full: 0.2590794861316681
Epoch: 196	Learning Rate :0.000864473562045311	Train Loss Step: 0.6200382709503174	Train Loss Full: 0.06893540173768997	Val Loss Step: 2.3068504333496094	Val Loss Full: 0.2967281937599182	Best Val Loss Full: 0.2590794861316681
Epoch: 197	Learning Rate :0.000861774048356825	Train Loss Step: 0.6104742288589478	Train Loss Full: 0.06778879463672638	Val Loss Step: 2.407541513442993	Val Loss Full: 0.3084457218647003	Best Val Loss Full: 0.2590794861316681
Epoch: 198	Learning Rate :0.000859052218741237	Train Loss Step: 0.6235323548316956	Train Loss Full: 0.06919620931148529	Val Loss Step: 2.5898046493530273	Val Loss Full: 0.32746076583862305	Best Val Loss Full: 0.2590794861316681
Epoch: 199	Learning Rate :0.0008563082410938183	Train Loss Step: 0.6094780564308167	Train Loss Full: 0.06752726435661316	Val Loss Step: 2.2811391353607178	Val Loss Full: 0.2932979464530945	Best Val Loss Full: 0.2590794861316681
Epoch: 200	Learning Rate :0.0008535422846760357	Train Loss Step: 0.6059485673904419	Train Loss Full: 0.06725155562162399	Val Loss Step: 2.4394643306732178	Val Loss Full: 0.3182763159275055	Best Val Loss Full: 0.2590794861316681
Epoch: 201	Learning Rate :0.00085075452010511	Train Loss Step: 0.6128085851669312	Train Loss Full: 0.0678768903017044	Val Loss Step: 2.49526047706604	Val Loss Full: 0.3253900706768036	Best Val Loss Full: 0.2590794861316681
Epoch: 202	Learning Rate :0.0008479451193434913	Train Loss Step: 0.6051881909370422	Train Loss Full: 0.06716001033782959	Val Loss Step: 2.3198049068450928	Val Loss Full: 0.2943424582481384	Best Val Loss Full: 0.2590794861316681
Epoch: 203	Learning Rate :0.0008451142556882519	Train Loss Step: 0.6072892546653748	Train Loss Full: 0.06723196059465408	Val Loss Step: 2.323277473449707	Val Loss Full: 0.29552173614501953	Best Val Loss Full: 0.2590794861316681
Epoch: 204	Learning Rate :0.0008422621037603968	Train Loss Step: 0.6022319793701172	Train Loss Full: 0.0667840987443924	Val Loss Step: 2.168099880218506	Val Loss Full: 0.28142982721328735	Best Val Loss Full: 0.2590794861316681
Epoch: 205	Learning Rate :0.000839388839494092	Train Loss Step: 0.6002600789070129	Train Loss Full: 0.06647003442049026	Val Loss Step: 2.33793044090271	Val Loss Full: 0.2996060848236084	Best Val Loss Full: 0.2590794861316681
Epoch: 206	Learning Rate :0.0008364946401258113	Train Loss Step: 0.6005794405937195	Train Loss Full: 0.06661409139633179	Val Loss Step: 2.2051796913146973	Val Loss Full: 0.2768690884113312	Best Val Loss Full: 0.2590794861316681
Epoch: 207	Learning Rate :0.0008335796841834047	Train Loss Step: 0.5939754247665405	Train Loss Full: 0.06583836674690247	Val Loss Step: 2.3060355186462402	Val Loss Full: 0.29796645045280457	Best Val Loss Full: 0.2590794861316681
Epoch: 208	Learning Rate :0.0008306441514750856	Train Loss Step: 0.5979239344596863	Train Loss Full: 0.06632497161626816	Val Loss Step: 2.460566997528076	Val Loss Full: 0.3199514150619507	Best Val Loss Full: 0.2590794861316681
Epoch: 209	Learning Rate :0.0008276882230783389	Train Loss Step: 0.5901665687561035	Train Loss Full: 0.06543564796447754	Val Loss Step: 2.096472978591919	Val Loss Full: 0.26936474442481995	Best Val Loss Full: 0.2590794861316681
Epoch: 210	Learning Rate :0.0008247120813287519	Train Loss Step: 0.5869375467300415	Train Loss Full: 0.06489449739456177	Val Loss Step: 2.2466976642608643	Val Loss Full: 0.2892824113368988	Best Val Loss Full: 0.2590794861316681
Epoch: 211	Learning Rate :0.0008217159098087663	Train Loss Step: 0.5875858068466187	Train Loss Full: 0.06512317806482315	Val Loss Step: 2.64313006401062	Val Loss Full: 0.34323781728744507	Best Val Loss Full: 0.2590794861316681
Epoch: 212	Learning Rate :0.000818699893336355	Train Loss Step: 0.5860821604728699	Train Loss Full: 0.06500382721424103	Val Loss Step: 2.583786964416504	Val Loss Full: 0.33992916345596313	Best Val Loss Full: 0.2590794861316681
Epoch: 213	Learning Rate :0.0008156642179536204	Train Loss Step: 0.5799587965011597	Train Loss Full: 0.06406077742576599	Val Loss Step: 2.0682666301727295	Val Loss Full: 0.2668500542640686	Best Val Loss Full: 0.2590794861316681
Epoch: 214	Learning Rate :0.0008126090709153198	Train Loss Step: 0.5747703909873962	Train Loss Full: 0.06358478963375092	Val Loss Step: 2.144648313522339	Val Loss Full: 0.276835560798645	Best Val Loss Full: 0.2590794861316681
Epoch: 215	Learning Rate :0.0008095346406773134	Train Loss Step: 0.5801869630813599	Train Loss Full: 0.06425990164279938	Val Loss Step: 1.929697036743164	Val Loss Full: 0.24833402037620544	Best Val Loss Full: 0.24833402037620544
Epoch: 216	Learning Rate :0.00080644111688494	Train Loss Step: 0.5698747038841248	Train Loss Full: 0.06299222260713577	Val Loss Step: 2.1052799224853516	Val Loss Full: 0.27327242493629456	Best Val Loss Full: 0.24833402037620544
Epoch: 217	Learning Rate :0.0008033286903613192	Train Loss Step: 0.5792335867881775	Train Loss Full: 0.06404480338096619	Val Loss Step: 2.0572564601898193	Val Loss Full: 0.2590909004211426	Best Val Loss Full: 0.24833402037620544
Epoch: 218	Learning Rate :0.0008001975530955794	Train Loss Step: 0.5721340775489807	Train Loss Full: 0.06323666125535965	Val Loss Step: 2.137718439102173	Val Loss Full: 0.2713952362537384	Best Val Loss Full: 0.24833402037620544
Epoch: 219	Learning Rate :0.0007970478982310164	Train Loss Step: 0.5653472542762756	Train Loss Full: 0.06251868605613708	Val Loss Step: 2.1794819831848145	Val Loss Full: 0.28586751222610474	Best Val Loss Full: 0.24833402037620544
Epoch: 220	Learning Rate :0.0007938799200531785	Train Loss Step: 0.5657232999801636	Train Loss Full: 0.06259019672870636	Val Loss Step: 2.370867967605591	Val Loss Full: 0.3088022768497467	Best Val Loss Full: 0.24833402037620544
Epoch: 221	Learning Rate :0.000790693813977882	Train Loss Step: 0.5655161738395691	Train Loss Full: 0.06249593570828438	Val Loss Step: 2.260573625564575	Val Loss Full: 0.2884986698627472	Best Val Loss Full: 0.24833402037620544
Epoch: 222	Learning Rate :0.0007874897765391578	Train Loss Step: 0.5661852359771729	Train Loss Full: 0.06251011788845062	Val Loss Step: 2.303205728530884	Val Loss Full: 0.29249629378318787	Best Val Loss Full: 0.24833402037620544
Epoch: 223	Learning Rate :0.0007842680053771272	Train Loss Step: 0.561462938785553	Train Loss Full: 0.06203865632414818	Val Loss Step: 2.5744566917419434	Val Loss Full: 0.32403379678726196	Best Val Loss Full: 0.24833402037620544
Epoch: 224	Learning Rate :0.0007810286992258116	Train Loss Step: 0.5586503148078918	Train Loss Full: 0.06163660064339638	Val Loss Step: 2.1202657222747803	Val Loss Full: 0.2721702456474304	Best Val Loss Full: 0.24833402037620544
Epoch: 225	Learning Rate :0.0007777720579008728	Train Loss Step: 0.5578816533088684	Train Loss Full: 0.06164710968732834	Val Loss Step: 2.157578229904175	Val Loss Full: 0.27574336528778076	Best Val Loss Full: 0.24833402037620544
Epoch: 226	Learning Rate :0.0007744982822872878	Train Loss Step: 0.5575418472290039	Train Loss Full: 0.06157500296831131	Val Loss Step: 1.890599012374878	Val Loss Full: 0.24297216534614563	Best Val Loss Full: 0.24297216534614563
Epoch: 227	Learning Rate :0.0007712075743269575	Train Loss Step: 0.5519010424613953	Train Loss Full: 0.06094815582036972	Val Loss Step: 2.028780221939087	Val Loss Full: 0.25879621505737305	Best Val Loss Full: 0.24297216534614563
Epoch: 228	Learning Rate :0.0007679001370062493	Train Loss Step: 0.5516024231910706	Train Loss Full: 0.060868971049785614	Val Loss Step: 1.9860215187072754	Val Loss Full: 0.25412091612815857	Best Val Loss Full: 0.24297216534614563
Epoch: 229	Learning Rate :0.0007645761743434766	Train Loss Step: 0.5471646189689636	Train Loss Full: 0.060347601771354675	Val Loss Step: 1.9311078786849976	Val Loss Full: 0.24716487526893616	Best Val Loss Full: 0.24297216534614563
Epoch: 230	Learning Rate :0.0007612358913763139	Train Loss Step: 0.5485684275627136	Train Loss Full: 0.06048544868826866	Val Loss Step: 2.1567113399505615	Val Loss Full: 0.2818205654621124	Best Val Loss Full: 0.24297216534614563
Epoch: 231	Learning Rate :0.0007578794941491485	Train Loss Step: 0.5392856597900391	Train Loss Full: 0.05949743837118149	Val Loss Step: 2.231248378753662	Val Loss Full: 0.29360029101371765	Best Val Loss Full: 0.24297216534614563
Epoch: 232	Learning Rate :0.0007545071897003718	Train Loss Step: 0.541724443435669	Train Loss Full: 0.05971725285053253	Val Loss Step: 2.2079503536224365	Val Loss Full: 0.28174522519111633	Best Val Loss Full: 0.24297216534614563
Epoch: 233	Learning Rate :0.0007511191860496066	Train Loss Step: 0.5404094457626343	Train Loss Full: 0.05961369350552559	Val Loss Step: 2.018385887145996	Val Loss Full: 0.2576131522655487	Best Val Loss Full: 0.24297216534614563
Epoch: 234	Learning Rate :0.0007477156921848775	Train Loss Step: 0.5340648293495178	Train Loss Full: 0.05885228142142296	Val Loss Step: 1.9441157579421997	Val Loss Full: 0.2519691288471222	Best Val Loss Full: 0.24297216534614563
Epoch: 235	Learning Rate :0.0007442969180497177	Train Loss Step: 0.5351002216339111	Train Loss Full: 0.05903679504990578	Val Loss Step: 1.9900480508804321	Val Loss Full: 0.2547323405742645	Best Val Loss Full: 0.24297216534614563
Epoch: 236	Learning Rate :0.0007408630745302198	Train Loss Step: 0.5323905944824219	Train Loss Full: 0.05862683057785034	Val Loss Step: 2.2358286380767822	Val Loss Full: 0.2965973913669586	Best Val Loss Full: 0.24297216534614563
Epoch: 237	Learning Rate :0.0007374143734420268	Train Loss Step: 0.5353220701217651	Train Loss Full: 0.05904048681259155	Val Loss Step: 1.859616994857788	Val Loss Full: 0.23607304692268372	Best Val Loss Full: 0.23607304692268372
Epoch: 238	Learning Rate :0.0007339510275172668	Train Loss Step: 0.5290552377700806	Train Loss Full: 0.05830270051956177	Val Loss Step: 2.175724983215332	Val Loss Full: 0.28214597702026367	Best Val Loss Full: 0.23607304692268372
Epoch: 239	Learning Rate :0.0007304732503914303	Train Loss Step: 0.5247279405593872	Train Loss Full: 0.057821985334157944	Val Loss Step: 2.0216286182403564	Val Loss Full: 0.261614054441452	Best Val Loss Full: 0.23607304692268372
Epoch: 240	Learning Rate :0.0007269812565901922	Train Loss Step: 0.5326687693595886	Train Loss Full: 0.058707546442747116	Val Loss Step: 1.8161611557006836	Val Loss Full: 0.23404189944267273	Best Val Loss Full: 0.23404189944267273
Epoch: 241	Learning Rate :0.0007234752615161786	Train Loss Step: 0.5257759690284729	Train Loss Full: 0.05786750838160515	Val Loss Step: 1.7814549207687378	Val Loss Full: 0.2292821854352951	Best Val Loss Full: 0.2292821854352951
Epoch: 242	Learning Rate :0.0007199554814356808	Train Loss Step: 0.523025393486023	Train Loss Full: 0.057561710476875305	Val Loss Step: 1.919349193572998	Val Loss Full: 0.2472156286239624	Best Val Loss Full: 0.2292821854352951
Epoch: 243	Learning Rate :0.0007164221334653136	Train Loss Step: 0.5219448208808899	Train Loss Full: 0.057424645870923996	Val Loss Step: 1.7355912923812866	Val Loss Full: 0.22597983479499817	Best Val Loss Full: 0.22597983479499817
Epoch: 244	Learning Rate :0.0007128754355586235	Train Loss Step: 0.5227212905883789	Train Loss Full: 0.05748802796006203	Val Loss Step: 1.9371308088302612	Val Loss Full: 0.2526557743549347	Best Val Loss Full: 0.22597983479499817
Epoch: 245	Learning Rate :0.0007093156064926436	Train Loss Step: 0.5174797177314758	Train Loss Full: 0.05691061541438103	Val Loss Step: 2.1974880695343018	Val Loss Full: 0.2804882228374481	Best Val Loss Full: 0.22597983479499817
Epoch: 246	Learning Rate :0.0007057428658543993	Train Loss Step: 0.5176847577095032	Train Loss Full: 0.056864410638809204	Val Loss Step: 2.074949264526367	Val Loss Full: 0.2705364525318146	Best Val Loss Full: 0.22597983479499817
Epoch: 247	Learning Rate :0.000702157434027362	Train Loss Step: 0.5169104933738708	Train Loss Full: 0.0567021481692791	Val Loss Step: 2.489600419998169	Val Loss Full: 0.32404783368110657	Best Val Loss Full: 0.22597983479499817
Epoch: 248	Learning Rate :0.0006985595321778559	Train Loss Step: 0.5100057721138	Train Loss Full: 0.056016311049461365	Val Loss Step: 1.818949580192566	Val Loss Full: 0.23525388538837433	Best Val Loss Full: 0.22597983479499817
Epoch: 249	Learning Rate :0.0006949493822414145	Train Loss Step: 0.5065295100212097	Train Loss Full: 0.05568142607808113	Val Loss Step: 2.17726469039917	Val Loss Full: 0.2840246260166168	Best Val Loss Full: 0.22597983479499817
Epoch: 250	Learning Rate :0.0006913272069090912	Train Loss Step: 0.510850727558136	Train Loss Full: 0.05608942732214928	Val Loss Step: 1.7718024253845215	Val Loss Full: 0.22656194865703583	Best Val Loss Full: 0.22597983479499817
Epoch: 251	Learning Rate :0.0006876932296137226	Train Loss Step: 0.505578875541687	Train Loss Full: 0.05555182322859764	Val Loss Step: 1.9112101793289185	Val Loss Full: 0.24741841852664948	Best Val Loss Full: 0.22597983479499817
Epoch: 252	Learning Rate :0.0006840476745161459	Train Loss Step: 0.5061851143836975	Train Loss Full: 0.055545926094055176	Val Loss Step: 1.8900245428085327	Val Loss Full: 0.24700230360031128	Best Val Loss Full: 0.22597983479499817
Epoch: 253	Learning Rate :0.0006803907664913714	Train Loss Step: 0.5039498805999756	Train Loss Full: 0.05533932149410248	Val Loss Step: 1.9762911796569824	Val Loss Full: 0.25415730476379395	Best Val Loss Full: 0.22597983479499817
Epoch: 254	Learning Rate :0.0006767227311147117	Train Loss Step: 0.5011547803878784	Train Loss Full: 0.05502653867006302	Val Loss Step: 1.8390018939971924	Val Loss Full: 0.24103941023349762	Best Val Loss Full: 0.22597983479499817
Epoch: 255	Learning Rate :0.000673043794647867	Train Loss Step: 0.5042642951011658	Train Loss Full: 0.05533888563513756	Val Loss Step: 1.9067084789276123	Val Loss Full: 0.24408327043056488	Best Val Loss Full: 0.22597983479499817
Epoch: 256	Learning Rate :0.0006693541840249678	Train Loss Step: 0.49572134017944336	Train Loss Full: 0.05429626256227493	Val Loss Step: 1.7985339164733887	Val Loss Full: 0.22960208356380463	Best Val Loss Full: 0.22597983479499817
Epoch: 257	Learning Rate :0.000665654126838577	Train Loss Step: 0.4981634318828583	Train Loss Full: 0.05465254187583923	Val Loss Step: 2.0478787422180176	Val Loss Full: 0.2622045874595642	Best Val Loss Full: 0.22597983479499817
Epoch: 258	Learning Rate :0.0006619438513256505	Train Loss Step: 0.49039769172668457	Train Loss Full: 0.053755246102809906	Val Loss Step: 1.6513932943344116	Val Loss Full: 0.21349488198757172	Best Val Loss Full: 0.21349488198757172
Epoch: 259	Learning Rate :0.000658223586353459	Train Loss Step: 0.49517056345939636	Train Loss Full: 0.0542939193546772	Val Loss Step: 1.8372488021850586	Val Loss Full: 0.23654422163963318	Best Val Loss Full: 0.21349488198757172
Epoch: 260	Learning Rate :0.0006544935614054701	Train Loss Step: 0.494413822889328	Train Loss Full: 0.054207779467105865	Val Loss Step: 1.8114805221557617	Val Loss Full: 0.23473107814788818	Best Val Loss Full: 0.21349488198757172
Epoch: 261	Learning Rate :0.0006507540065671923	Train Loss Step: 0.489347368478775	Train Loss Full: 0.05360906571149826	Val Loss Step: 1.7521761655807495	Val Loss Full: 0.22432246804237366	Best Val Loss Full: 0.21349488198757172
Epoch: 262	Learning Rate :0.0006470051525119833	Train Loss Step: 0.4861600697040558	Train Loss Full: 0.05334409698843956	Val Loss Step: 2.0203185081481934	Val Loss Full: 0.26202118396759033	Best Val Loss Full: 0.21349488198757172
Epoch: 263	Learning Rate :0.0006432472304868195	Train Loss Step: 0.4912193715572357	Train Loss Full: 0.05378773808479309	Val Loss Step: 1.840929627418518	Val Loss Full: 0.2390226572751999	Best Val Loss Full: 0.21349488198757172
Epoch: 264	Learning Rate :0.0006394804722980331	Train Loss Step: 0.4810146391391754	Train Loss Full: 0.05265684053301811	Val Loss Step: 1.9593290090560913	Val Loss Full: 0.2567388415336609	Best Val Loss Full: 0.21349488198757172
Epoch: 265	Learning Rate :0.0006357051102970122	Train Loss Step: 0.48387411236763	Train Loss Full: 0.052940670400857925	Val Loss Step: 1.9121333360671997	Val Loss Full: 0.25255364179611206	Best Val Loss Full: 0.21349488198757172
Epoch: 266	Learning Rate :0.0006319213773658682	Train Loss Step: 0.48413965106010437	Train Loss Full: 0.052967485040426254	Val Loss Step: 1.651587963104248	Val Loss Full: 0.21354104578495026	Best Val Loss Full: 0.21349488198757172
Epoch: 267	Learning Rate :0.0006281295069030717	Train Loss Step: 0.4777054488658905	Train Loss Full: 0.05223699286580086	Val Loss Step: 1.6503958702087402	Val Loss Full: 0.21177060902118683	Best Val Loss Full: 0.21177060902118683
Epoch: 268	Learning Rate :0.0006243297328090539	Train Loss Step: 0.48370760679244995	Train Loss Full: 0.05282223969697952	Val Loss Step: 1.686318278312683	Val Loss Full: 0.21934622526168823	Best Val Loss Full: 0.21177060902118683
Epoch: 269	Learning Rate :0.0006205222894717796	Train Loss Step: 0.47741344571113586	Train Loss Full: 0.05223524570465088	Val Loss Step: 1.7185884714126587	Val Loss Full: 0.22253622114658356	Best Val Loss Full: 0.21177060902118683
Epoch: 270	Learning Rate :0.0006167074117522883	Train Loss Step: 0.48065003752708435	Train Loss Full: 0.05253627151250839	Val Loss Step: 1.792551875114441	Val Loss Full: 0.23350919783115387	Best Val Loss Full: 0.21177060902118683
Epoch: 271	Learning Rate :0.0006128853349702077	Train Loss Step: 0.476056307554245	Train Loss Full: 0.05197911337018013	Val Loss Step: 1.617304801940918	Val Loss Full: 0.2101493775844574	Best Val Loss Full: 0.2101493775844574
Epoch: 272	Learning Rate :0.0006090562948892371	Train Loss Step: 0.4733341336250305	Train Loss Full: 0.051704827696084976	Val Loss Step: 1.7298552989959717	Val Loss Full: 0.22146785259246826	Best Val Loss Full: 0.2101493775844574
Epoch: 273	Learning Rate :0.0006052205277026052	Train Loss Step: 0.4757501184940338	Train Loss Full: 0.052015554159879684	Val Loss Step: 1.5849465131759644	Val Loss Full: 0.20473888516426086	Best Val Loss Full: 0.20473888516426086
Epoch: 274	Learning Rate :0.0006013782700185	Train Loss Step: 0.4708784222602844	Train Loss Full: 0.051410023123025894	Val Loss Step: 2.0559473037719727	Val Loss Full: 0.2690432369709015	Best Val Loss Full: 0.20473888516426086
Epoch: 275	Learning Rate :0.0005975297588454742	Train Loss Step: 0.4712812006473541	Train Loss Full: 0.05141878500580788	Val Loss Step: 1.693638563156128	Val Loss Full: 0.2206634283065796	Best Val Loss Full: 0.20473888516426086
Epoch: 276	Learning Rate :0.0005936752315778251	Train Loss Step: 0.4677131175994873	Train Loss Full: 0.05109220743179321	Val Loss Step: 2.0012238025665283	Val Loss Full: 0.26111799478530884	Best Val Loss Full: 0.20473888516426086
Epoch: 277	Learning Rate :0.0005898149259809509	Train Loss Step: 0.4706041216850281	Train Loss Full: 0.05142303183674812	Val Loss Step: 1.806654453277588	Val Loss Full: 0.233506977558136	Best Val Loss Full: 0.20473888516426086
Epoch: 278	Learning Rate :0.0005859490801766846	Train Loss Step: 0.46361517906188965	Train Loss Full: 0.05060046166181564	Val Loss Step: 1.8298579454421997	Val Loss Full: 0.23765404522418976	Best Val Loss Full: 0.20473888516426086
Epoch: 279	Learning Rate :0.0005820779326286051	Train Loss Step: 0.465017169713974	Train Loss Full: 0.050756122916936874	Val Loss Step: 1.590569019317627	Val Loss Full: 0.20482799410820007	Best Val Loss Full: 0.20473888516426086
Epoch: 280	Learning Rate :0.0005782017221273279	Train Loss Step: 0.45637184381484985	Train Loss Full: 0.049648404121398926	Val Loss Step: 1.6866639852523804	Val Loss Full: 0.2160445600748062	Best Val Loss Full: 0.20473888516426086
Epoch: 281	Learning Rate :0.0005743206877757753	Train Loss Step: 0.46382957696914673	Train Loss Full: 0.050618939101696014	Val Loss Step: 1.735374093055725	Val Loss Full: 0.22427573800086975	Best Val Loss Full: 0.20473888516426086
Epoch: 282	Learning Rate :0.0005704350689744275	Train Loss Step: 0.45927858352661133	Train Loss Full: 0.050022803246974945	Val Loss Step: 1.6763323545455933	Val Loss Full: 0.21585041284561157	Best Val Loss Full: 0.20473888516426086
Epoch: 283	Learning Rate :0.0005665451054065549	Train Loss Step: 0.45712873339653015	Train Loss Full: 0.04981522262096405	Val Loss Step: 1.677154302597046	Val Loss Full: 0.2150956243276596	Best Val Loss Full: 0.20473888516426086
Epoch: 284	Learning Rate :0.0005626510370234339	Train Loss Step: 0.4635838568210602	Train Loss Full: 0.05047501251101494	Val Loss Step: 1.8392243385314941	Val Loss Full: 0.23758991062641144	Best Val Loss Full: 0.20473888516426086
Epoch: 285	Learning Rate :0.0005587531040295449	Train Loss Step: 0.45466598868370056	Train Loss Full: 0.04949663579463959	Val Loss Step: 1.7070459127426147	Val Loss Full: 0.2166476994752884	Best Val Loss Full: 0.20473888516426086
Epoch: 286	Learning Rate :0.000554851546867756	Train Loss Step: 0.45697665214538574	Train Loss Full: 0.04979361593723297	Val Loss Step: 1.8103306293487549	Val Loss Full: 0.23371125757694244	Best Val Loss Full: 0.20473888516426086
Epoch: 287	Learning Rate :0.0005509466062044907	Train Loss Step: 0.453806072473526	Train Loss Full: 0.04943817853927612	Val Loss Step: 1.6472769975662231	Val Loss Full: 0.21326324343681335	Best Val Loss Full: 0.20473888516426086
Epoch: 288	Learning Rate :0.0005470385229148833	Train Loss Step: 0.4508382976055145	Train Loss Full: 0.04901598393917084	Val Loss Step: 1.6292212009429932	Val Loss Full: 0.21062448620796204	Best Val Loss Full: 0.20473888516426086
Epoch: 289	Learning Rate :0.0005431275380679199	Train Loss Step: 0.45230671763420105	Train Loss Full: 0.049187421798706055	Val Loss Step: 1.6061471700668335	Val Loss Full: 0.20713374018669128	Best Val Loss Full: 0.20473888516426086
Epoch: 290	Learning Rate :0.0005392138929115678	Train Loss Step: 0.4496515095233917	Train Loss Full: 0.04893754422664642	Val Loss Step: 1.6080878973007202	Val Loss Full: 0.20789282023906708	Best Val Loss Full: 0.20473888516426086
Epoch: 291	Learning Rate :0.0005352978288578954	Train Loss Step: 0.44956088066101074	Train Loss Full: 0.04893896356225014	Val Loss Step: 1.7605549097061157	Val Loss Full: 0.22865138947963715	Best Val Loss Full: 0.20473888516426086
Epoch: 292	Learning Rate :0.0005313795874681799	Train Loss Step: 0.4487358629703522	Train Loss Full: 0.04875226691365242	Val Loss Step: 1.5662519931793213	Val Loss Full: 0.20330023765563965	Best Val Loss Full: 0.20330023765563965
Epoch: 293	Learning Rate :0.0005274594104380068	Train Loss Step: 0.4471711218357086	Train Loss Full: 0.04859727993607521	Val Loss Step: 1.7283036708831787	Val Loss Full: 0.22347180545330048	Best Val Loss Full: 0.20330023765563965
Epoch: 294	Learning Rate :0.000523537539582361	Train Loss Step: 0.4439716637134552	Train Loss Full: 0.0482027493417263	Val Loss Step: 2.002215623855591	Val Loss Full: 0.2640599310398102	Best Val Loss Full: 0.20330023765563965
Epoch: 295	Learning Rate :0.0005196142168207102	Train Loss Step: 0.43986082077026367	Train Loss Full: 0.047768257558345795	Val Loss Step: 1.839016318321228	Val Loss Full: 0.2386261522769928	Best Val Loss Full: 0.20330023765563965
Epoch: 296	Learning Rate :0.0005156896841620834	Train Loss Step: 0.44405415654182434	Train Loss Full: 0.04827095568180084	Val Loss Step: 1.6751573085784912	Val Loss Full: 0.21652255952358246	Best Val Loss Full: 0.20330023765563965
Epoch: 297	Learning Rate :0.0005117641836901407	Train Loss Step: 0.437705934047699	Train Loss Full: 0.04753617197275162	Val Loss Step: 1.679190754890442	Val Loss Full: 0.21620209515094757	Best Val Loss Full: 0.20330023765563965
Epoch: 298	Learning Rate :0.0005078379575482422	Train Loss Step: 0.4422173798084259	Train Loss Full: 0.04804912954568863	Val Loss Step: 1.683748722076416	Val Loss Full: 0.2193320244550705	Best Val Loss Full: 0.20330023765563965
Epoch: 299	Learning Rate :0.0005039112479245107	Train Loss Step: 0.4372595548629761	Train Loss Full: 0.04741257429122925	Val Loss Step: 1.5663155317306519	Val Loss Full: 0.20270627737045288	Best Val Loss Full: 0.20270627737045288
Epoch: 300	Learning Rate :0.0004999842970368918	Train Loss Step: 0.4367254376411438	Train Loss Full: 0.047355275601148605	Val Loss Step: 1.5212135314941406	Val Loss Full: 0.1984107494354248	Best Val Loss Full: 0.1984107494354248
Epoch: 301	Learning Rate :0.000496057347118214	Train Loss Step: 0.43439868092536926	Train Loss Full: 0.04711676761507988	Val Loss Step: 1.5693104267120361	Val Loss Full: 0.20205272734165192	Best Val Loss Full: 0.1984107494354248
Epoch: 302	Learning Rate :0.0004921306404012462	Train Loss Step: 0.43384724855422974	Train Loss Full: 0.04697716236114502	Val Loss Step: 1.5375045537948608	Val Loss Full: 0.19935961067676544	Best Val Loss Full: 0.1984107494354248
Epoch: 303	Learning Rate :0.0004882044191037546	Train Loss Step: 0.4327889084815979	Train Loss Full: 0.04692886024713516	Val Loss Step: 1.6404409408569336	Val Loss Full: 0.21498319506645203	Best Val Loss Full: 0.1984107494354248
Epoch: 304	Learning Rate :0.0004842789254135633	Train Loss Step: 0.43081778287887573	Train Loss Full: 0.04668555036187172	Val Loss Step: 1.4795252084732056	Val Loss Full: 0.1905393749475479	Best Val Loss Full: 0.1905393749475479
Epoch: 305	Learning Rate :0.0004803544014736138	Train Loss Step: 0.4318838119506836	Train Loss Full: 0.04679020494222641	Val Loss Step: 1.577317476272583	Val Loss Full: 0.20578932762145996	Best Val Loss Full: 0.1905393749475479
Epoch: 306	Learning Rate :0.000476431089367029	Train Loss Step: 0.4272286593914032	Train Loss Full: 0.046254198998212814	Val Loss Step: 1.5269925594329834	Val Loss Full: 0.19654971361160278	Best Val Loss Full: 0.1905393749475479
Epoch: 307	Learning Rate :0.00047250923110217974	Train Loss Step: 0.4276109039783478	Train Loss Full: 0.046301957219839096	Val Loss Step: 1.5258508920669556	Val Loss Full: 0.1990799903869629	Best Val Loss Full: 0.1905393749475479
Epoch: 308	Learning Rate :0.00046858906859775773	Train Loss Step: 0.4261871874332428	Train Loss Full: 0.04617993161082268	Val Loss Step: 1.625431776046753	Val Loss Full: 0.20941415429115295	Best Val Loss Full: 0.1905393749475479
Epoch: 309	Learning Rate :0.00046467084366785154	Train Loss Step: 0.4252690374851227	Train Loss Full: 0.04603417590260506	Val Loss Step: 1.652346134185791	Val Loss Full: 0.2144860476255417	Best Val Loss Full: 0.1905393749475479
Epoch: 310	Learning Rate :0.00046075479800703183	Train Loss Step: 0.42489415407180786	Train Loss Full: 0.04589889571070671	Val Loss Step: 1.7088228464126587	Val Loss Full: 0.2251182645559311	Best Val Loss Full: 0.1905393749475479
Epoch: 311	Learning Rate :0.00045684117317544066	Train Loss Step: 0.42190372943878174	Train Loss Full: 0.045623935759067535	Val Loss Step: 1.6532773971557617	Val Loss Full: 0.2157895863056183	Best Val Loss Full: 0.1905393749475479
Epoch: 312	Learning Rate :0.00045293021058389276	Train Loss Step: 0.4222889244556427	Train Loss Full: 0.04569456726312637	Val Loss Step: 1.4313833713531494	Val Loss Full: 0.18341098725795746	Best Val Loss Full: 0.18341098725795746
Epoch: 313	Learning Rate :0.0004490221514789829	Train Loss Step: 0.41805022954940796	Train Loss Full: 0.04514555633068085	Val Loss Step: 1.7080254554748535	Val Loss Full: 0.2199735939502716	Best Val Loss Full: 0.18341098725795746
Epoch: 314	Learning Rate :0.00044511723692820554	Train Loss Step: 0.4197990596294403	Train Loss Full: 0.04537570849061012	Val Loss Step: 1.8047651052474976	Val Loss Full: 0.23484477400779724	Best Val Loss Full: 0.18341098725795746
Epoch: 315	Learning Rate :0.0004412157078050835	Train Loss Step: 0.41893017292022705	Train Loss Full: 0.045231543481349945	Val Loss Step: 1.7121562957763672	Val Loss Full: 0.22391082346439362	Best Val Loss Full: 0.18341098725795746
Epoch: 316	Learning Rate :0.00043731780477431143	Train Loss Step: 0.41574984788894653	Train Loss Full: 0.044863589107990265	Val Loss Step: 1.4568995237350464	Val Loss Full: 0.18850180506706238	Best Val Loss Full: 0.18341098725795746
Epoch: 317	Learning Rate :0.0004334237682769086	Train Loss Step: 0.41551026701927185	Train Loss Full: 0.04483785852789879	Val Loss Step: 1.5624282360076904	Val Loss Full: 0.20266465842723846	Best Val Loss Full: 0.18341098725795746
Epoch: 318	Learning Rate :0.00042953383851538913	Train Loss Step: 0.41398799419403076	Train Loss Full: 0.044677019119262695	Val Loss Step: 1.4982609748840332	Val Loss Full: 0.19295360147953033	Best Val Loss Full: 0.18341098725795746
Epoch: 319	Learning Rate :0.0004256482554389436	Train Loss Step: 0.41302281618118286	Train Loss Full: 0.04455871134996414	Val Loss Step: 1.4939768314361572	Val Loss Full: 0.19310542941093445	Best Val Loss Full: 0.18341098725795746
Epoch: 320	Learning Rate :0.000421767258728639	Train Loss Step: 0.40872833132743835	Train Loss Full: 0.04402654245495796	Val Loss Step: 1.4836584329605103	Val Loss Full: 0.19314329326152802	Best Val Loss Full: 0.18341098725795746
Epoch: 321	Learning Rate :0.00041789108778263374	Train Loss Step: 0.41162317991256714	Train Loss Full: 0.044348523020744324	Val Loss Step: 1.3942214250564575	Val Loss Full: 0.18029499053955078	Best Val Loss Full: 0.18029499053955078
Epoch: 322	Learning Rate :0.00041401998170140973	Train Loss Step: 0.41252174973487854	Train Loss Full: 0.044493552297353745	Val Loss Step: 1.5002464056015015	Val Loss Full: 0.19357630610466003	Best Val Loss Full: 0.18029499053955078
Epoch: 323	Learning Rate :0.00041015417927302506	Train Loss Step: 0.4074251353740692	Train Loss Full: 0.04390788450837135	Val Loss Step: 1.414166808128357	Val Loss Full: 0.18193957209587097	Best Val Loss Full: 0.18029499053955078
Epoch: 324	Learning Rate :0.0004062939189583827	Train Loss Step: 0.4093581736087799	Train Loss Full: 0.04407510533928871	Val Loss Step: 1.5051195621490479	Val Loss Full: 0.1952313929796219	Best Val Loss Full: 0.18029499053955078
Epoch: 325	Learning Rate :0.00040243943887652246	Train Loss Step: 0.40440505743026733	Train Loss Full: 0.04354548454284668	Val Loss Step: 1.604249119758606	Val Loss Full: 0.20923273265361786	Best Val Loss Full: 0.18029499053955078
Epoch: 326	Learning Rate :0.00039859097678993197	Train Loss Step: 0.4065389037132263	Train Loss Full: 0.04375296086072922	Val Loss Step: 1.8281874656677246	Val Loss Full: 0.23874631524085999	Best Val Loss Full: 0.18029499053955078
Epoch: 327	Learning Rate :0.00039474877008988086	Train Loss Step: 0.40445977449417114	Train Loss Full: 0.04357105493545532	Val Loss Step: 1.3524799346923828	Val Loss Full: 0.17222602665424347	Best Val Loss Full: 0.17222602665424347
Epoch: 328	Learning Rate :0.00039091305578177644	Train Loss Step: 0.4022042453289032	Train Loss Full: 0.04327389970421791	Val Loss Step: 1.46303391456604	Val Loss Full: 0.1892392337322235	Best Val Loss Full: 0.17222602665424347
Epoch: 329	Learning Rate :0.00038708407047054525	Train Loss Step: 0.4042666256427765	Train Loss Full: 0.04349188506603241	Val Loss Step: 1.4698320627212524	Val Loss Full: 0.19030967354774475	Best Val Loss Full: 0.17222602665424347
Epoch: 330	Learning Rate :0.0003832620503460373	Train Loss Step: 0.40296849608421326	Train Loss Full: 0.0433371439576149	Val Loss Step: 1.4961354732513428	Val Loss Full: 0.19238996505737305	Best Val Loss Full: 0.17222602665424347
Epoch: 331	Learning Rate :0.00037944723116845746	Train Loss Step: 0.4016006588935852	Train Loss Full: 0.043177373707294464	Val Loss Step: 1.4134598970413208	Val Loss Full: 0.18242017924785614	Best Val Loss Full: 0.17222602665424347
Epoch: 332	Learning Rate :0.00037563984825382155	Train Loss Step: 0.4029799699783325	Train Loss Full: 0.043301116675138474	Val Loss Step: 1.4584972858428955	Val Loss Full: 0.18965613842010498	Best Val Loss Full: 0.17222602665424347
Epoch: 333	Learning Rate :0.0003718401364594425	Train Loss Step: 0.39677903056144714	Train Loss Full: 0.04257676377892494	Val Loss Step: 1.5766215324401855	Val Loss Full: 0.20654188096523285	Best Val Loss Full: 0.17222602665424347
Epoch: 334	Learning Rate :0.0003680483301694419	Train Loss Step: 0.4006270468235016	Train Loss Full: 0.04303954169154167	Val Loss Step: 1.6339350938796997	Val Loss Full: 0.215484157204628	Best Val Loss Full: 0.17222602665424347
Epoch: 335	Learning Rate :0.0003642646632802929	Train Loss Step: 0.39425453543663025	Train Loss Full: 0.04231387749314308	Val Loss Step: 1.4876501560211182	Val Loss Full: 0.19511577486991882	Best Val Loss Full: 0.17222602665424347
Epoch: 336	Learning Rate :0.0003604893691863915	Train Loss Step: 0.3945695459842682	Train Loss Full: 0.042339008301496506	Val Loss Step: 1.3938301801681519	Val Loss Full: 0.18079215288162231	Best Val Loss Full: 0.17222602665424347
Epoch: 337	Learning Rate :0.000356722680765661	Train Loss Step: 0.3928976058959961	Train Loss Full: 0.04211738705635071	Val Loss Step: 1.4729101657867432	Val Loss Full: 0.18977011740207672	Best Val Loss Full: 0.17222602665424347
Epoch: 338	Learning Rate :0.00035296483036518556	Train Loss Step: 0.3941667973995209	Train Loss Full: 0.042250923812389374	Val Loss Step: 1.580312728881836	Val Loss Full: 0.20625631511211395	Best Val Loss Full: 0.17222602665424347
Epoch: 339	Learning Rate :0.0003492160497868794	Train Loss Step: 0.3918537199497223	Train Loss Full: 0.042012590914964676	Val Loss Step: 1.3365081548690796	Val Loss Full: 0.1726369559764862	Best Val Loss Full: 0.17222602665424347
Epoch: 340	Learning Rate :0.00034547657027318626	Train Loss Step: 0.39112019538879395	Train Loss Full: 0.041918233036994934	Val Loss Step: 1.48038911819458	Val Loss Full: 0.19562114775180817	Best Val Loss Full: 0.17222602665424347
Epoch: 341	Learning Rate :0.0003417466224928177	Train Loss Step: 0.3882690966129303	Train Loss Full: 0.04157600551843643	Val Loss Step: 1.3913533687591553	Val Loss Full: 0.18073000013828278	Best Val Loss Full: 0.17222602665424347
Epoch: 342	Learning Rate :0.000338026436526522	Train Loss Step: 0.39034324884414673	Train Loss Full: 0.04180198907852173	Val Loss Step: 1.4239834547042847	Val Loss Full: 0.18179889023303986	Best Val Loss Full: 0.17222602665424347
Epoch: 343	Learning Rate :0.0003343162418528936	Train Loss Step: 0.38693010807037354	Train Loss Full: 0.04140838608145714	Val Loss Step: 1.3672540187835693	Val Loss Full: 0.17754556238651276	Best Val Loss Full: 0.17222602665424347
Epoch: 344	Learning Rate :0.0003306162673342161	Train Loss Step: 0.3878294825553894	Train Loss Full: 0.04154122993350029	Val Loss Step: 1.367034912109375	Val Loss Full: 0.17698794603347778	Best Val Loss Full: 0.17222602665424347
Epoch: 345	Learning Rate :0.0003269267412023466	Train Loss Step: 0.3849343955516815	Train Loss Full: 0.04116124287247658	Val Loss Step: 1.2940220832824707	Val Loss Full: 0.1658490151166916	Best Val Loss Full: 0.1658490151166916
Epoch: 346	Learning Rate :0.0003232478910446361	Train Loss Step: 0.3871650993824005	Train Loss Full: 0.041481826454401016	Val Loss Step: 1.4034266471862793	Val Loss Full: 0.18556399643421173	Best Val Loss Full: 0.1658490151166916
Epoch: 347	Learning Rate :0.0003195799437898909	Train Loss Step: 0.382624089717865	Train Loss Full: 0.040912218391895294	Val Loss Step: 1.4269036054611206	Val Loss Full: 0.18594244122505188	Best Val Loss Full: 0.1658490151166916
Epoch: 348	Learning Rate :0.00031592312569437577	Train Loss Step: 0.38193464279174805	Train Loss Full: 0.04081493616104126	Val Loss Step: 1.4231266975402832	Val Loss Full: 0.18527817726135254	Best Val Loss Full: 0.1658490151166916
Epoch: 349	Learning Rate :0.0003122776623278555	Train Loss Step: 0.38537606596946716	Train Loss Full: 0.0412253774702549	Val Loss Step: 1.2837753295898438	Val Loss Full: 0.16510683298110962	Best Val Loss Full: 0.16510683298110962
Epoch: 350	Learning Rate :0.00030864377855968254	Train Loss Step: 0.38087183237075806	Train Loss Full: 0.040700919926166534	Val Loss Step: 1.3303487300872803	Val Loss Full: 0.17229141294956207	Best Val Loss Full: 0.16510683298110962
Epoch: 351	Learning Rate :0.00030502169854492464	Train Loss Step: 0.3805919587612152	Train Loss Full: 0.04065757989883423	Val Loss Step: 1.4900063276290894	Val Loss Full: 0.1928916871547699	Best Val Loss Full: 0.16510683298110962
Epoch: 352	Learning Rate :0.00030141164571053893	Train Loss Step: 0.37903937697410583	Train Loss Full: 0.04046676307916641	Val Loss Step: 1.3580896854400635	Val Loss Full: 0.1750546097755432	Best Val Loss Full: 0.16510683298110962
Epoch: 353	Learning Rate :0.00029781384274158866	Train Loss Step: 0.3780958950519562	Train Loss Full: 0.04034683480858803	Val Loss Step: 1.3558531999588013	Val Loss Full: 0.17541933059692383	Best Val Loss Full: 0.16510683298110962
Epoch: 354	Learning Rate :0.0002942285115675084	Train Loss Step: 0.37801146507263184	Train Loss Full: 0.04032975435256958	Val Loss Step: 1.4112063646316528	Val Loss Full: 0.18456098437309265	Best Val Loss Full: 0.16510683298110962
Epoch: 355	Learning Rate :0.00029065587334841335	Train Loss Step: 0.3769426941871643	Train Loss Full: 0.040198344737291336	Val Loss Step: 1.295911192893982	Val Loss Full: 0.16799373924732208	Best Val Loss Full: 0.16510683298110962
Epoch: 356	Learning Rate :0.0002870961484614575	Train Loss Step: 0.37717869877815247	Train Loss Full: 0.04024653881788254	Val Loss Step: 1.4364449977874756	Val Loss Full: 0.18736839294433594	Best Val Loss Full: 0.16510683298110962
Epoch: 357	Learning Rate :0.00028354955648723966	Train Loss Step: 0.37544557452201843	Train Loss Full: 0.04003371298313141	Val Loss Step: 1.5170960426330566	Val Loss Full: 0.20156390964984894	Best Val Loss Full: 0.16510683298110962
Epoch: 358	Learning Rate :0.00028001631619625875	Train Loss Step: 0.3749147653579712	Train Loss Full: 0.039926331490278244	Val Loss Step: 1.446372389793396	Val Loss Full: 0.19064505398273468	Best Val Loss Full: 0.16510683298110962
Epoch: 359	Learning Rate :0.00027649664553541895	Train Loss Step: 0.3725934326648712	Train Loss Full: 0.03966015204787254	Val Loss Step: 1.2728935480117798	Val Loss Full: 0.1636315882205963	Best Val Loss Full: 0.1636315882205963
Epoch: 360	Learning Rate :0.0002729907616145857	Train Loss Step: 0.37300410866737366	Train Loss Full: 0.0397280752658844	Val Loss Step: 1.2686278820037842	Val Loss Full: 0.16359931230545044	Best Val Loss Full: 0.16359931230545044
Epoch: 361	Learning Rate :0.0002694988806931933	Train Loss Step: 0.3712899386882782	Train Loss Full: 0.03953540325164795	Val Loss Step: 1.2144081592559814	Val Loss Full: 0.15511219203472137	Best Val Loss Full: 0.15511219203472137
Epoch: 362	Learning Rate :0.0002660212181669058	Train Loss Step: 0.3709613084793091	Train Loss Full: 0.039482101798057556	Val Loss Step: 1.293146014213562	Val Loss Full: 0.16583994030952454	Best Val Loss Full: 0.15511219203472137
Epoch: 363	Learning Rate :0.00026255798855432825	Train Loss Step: 0.3689931631088257	Train Loss Full: 0.03923830762505531	Val Loss Step: 1.4083280563354492	Val Loss Full: 0.1847788393497467	Best Val Loss Full: 0.15511219203472137
Epoch: 364	Learning Rate :0.000259109405483777	Train Loss Step: 0.36908388137817383	Train Loss Full: 0.03926790505647659	Val Loss Step: 1.4415302276611328	Val Loss Full: 0.18679572641849518	Best Val Loss Full: 0.15511219203472137
Epoch: 365	Learning Rate :0.0002556756816801	Train Loss Step: 0.3692311644554138	Train Loss Full: 0.03927639126777649	Val Loss Step: 1.3577566146850586	Val Loss Full: 0.17568469047546387	Best Val Loss Full: 0.15511219203472137
Epoch: 366	Learning Rate :0.0002522570289515557	Train Loss Step: 0.36804938316345215	Train Loss Full: 0.0391266904771328	Val Loss Step: 1.2657591104507446	Val Loss Full: 0.16307301819324493	Best Val Loss Full: 0.15511219203472137
Epoch: 367	Learning Rate :0.0002488536581767476	Train Loss Step: 0.3661244213581085	Train Loss Full: 0.03888143226504326	Val Loss Step: 1.3902696371078491	Val Loss Full: 0.18127217888832092	Best Val Loss Full: 0.15511219203472137
Epoch: 368	Learning Rate :0.00024546577929161653	Train Loss Step: 0.3656473755836487	Train Loss Full: 0.03884562477469444	Val Loss Step: 1.3394488096237183	Val Loss Full: 0.17494024336338043	Best Val Loss Full: 0.15511219203472137
Epoch: 369	Learning Rate :0.0002420936012764902	Train Loss Step: 0.3644907474517822	Train Loss Full: 0.038702353835105896	Val Loss Step: 1.2512907981872559	Val Loss Full: 0.16141676902770996	Best Val Loss Full: 0.15511219203472137
Epoch: 370	Learning Rate :0.00023873733214319355	Train Loss Step: 0.3648465573787689	Train Loss Full: 0.03875293955206871	Val Loss Step: 1.313071846961975	Val Loss Full: 0.17020085453987122	Best Val Loss Full: 0.15511219203472137
Epoch: 371	Learning Rate :0.00023539717892221554	Train Loss Step: 0.3632495403289795	Train Loss Full: 0.03857319802045822	Val Loss Step: 1.3501147031784058	Val Loss Full: 0.17439277470111847	Best Val Loss Full: 0.15511219203472137
Epoch: 372	Learning Rate :0.00023207334764994048	Train Loss Step: 0.3622271716594696	Train Loss Full: 0.038408633321523666	Val Loss Step: 1.2114989757537842	Val Loss Full: 0.15579549968242645	Best Val Loss Full: 0.15511219203472137
Epoch: 373	Learning Rate :0.00022876604335593834	Train Loss Step: 0.36177366971969604	Train Loss Full: 0.0383748784661293	Val Loss Step: 1.218015432357788	Val Loss Full: 0.15677350759506226	Best Val Loss Full: 0.15511219203472137
Epoch: 374	Learning Rate :0.00022547547005031613	Train Loss Step: 0.3618098199367523	Train Loss Full: 0.03835928067564964	Val Loss Step: 1.2045565843582153	Val Loss Full: 0.15441028773784637	Best Val Loss Full: 0.15441028773784637
Epoch: 375	Learning Rate :0.000222201830711136	Train Loss Step: 0.36146217584609985	Train Loss Full: 0.03833075240254402	Val Loss Step: 1.2019693851470947	Val Loss Full: 0.1542922556400299	Best Val Loss Full: 0.1542922556400299
Epoch: 376	Learning Rate :0.00021894532727189186	Train Loss Step: 0.35842210054397583	Train Loss Full: 0.03796352818608284	Val Loss Step: 1.237041711807251	Val Loss Full: 0.15942762792110443	Best Val Loss Full: 0.1542922556400299
Epoch: 377	Learning Rate :0.00021570616060905584	Train Loss Step: 0.3581988215446472	Train Loss Full: 0.03793441876769066	Val Loss Step: 1.2257848978042603	Val Loss Full: 0.15793630480766296	Best Val Loss Full: 0.1542922556400299
Epoch: 378	Learning Rate :0.00021248453052968554	Train Loss Step: 0.3578861355781555	Train Loss Full: 0.037902723997831345	Val Loss Step: 1.1948442459106445	Val Loss Full: 0.15259554982185364	Best Val Loss Full: 0.15259554982185364
Epoch: 379	Learning Rate :0.0002092806357590993	Train Loss Step: 0.358428031206131	Train Loss Full: 0.03794952109456062	Val Loss Step: 1.2519423961639404	Val Loss Full: 0.16201941668987274	Best Val Loss Full: 0.15259554982185364
Epoch: 380	Learning Rate :0.00020609467392861832	Train Loss Step: 0.35621100664138794	Train Loss Full: 0.03770905360579491	Val Loss Step: 1.2528156042099	Val Loss Full: 0.1617613136768341	Best Val Loss Full: 0.15259554982185364
Epoch: 381	Learning Rate :0.00020292684156337563	Train Loss Step: 0.35562142729759216	Train Loss Full: 0.03760924190282822	Val Loss Step: 1.2792186737060547	Val Loss Full: 0.16650478541851044	Best Val Loss Full: 0.15259554982185364
Epoch: 382	Learning Rate :0.00019977733407019303	Train Loss Step: 0.3557046055793762	Train Loss Full: 0.03764418512582779	Val Loss Step: 1.2270187139511108	Val Loss Full: 0.15836520493030548	Best Val Loss Full: 0.15259554982185364
Epoch: 383	Learning Rate :0.00019664634572552875	Train Loss Step: 0.354709267616272	Train Loss Full: 0.03751280903816223	Val Loss Step: 1.2496569156646729	Val Loss Full: 0.16163168847560883	Best Val Loss Full: 0.15259554982185364
Epoch: 384	Learning Rate :0.0001935340696634915	Train Loss Step: 0.35345086455345154	Train Loss Full: 0.037357162684202194	Val Loss Step: 1.2332566976547241	Val Loss Full: 0.16018563508987427	Best Val Loss Full: 0.15259554982185364
Epoch: 385	Learning Rate :0.00019044069786392949	Train Loss Step: 0.3536735773086548	Train Loss Full: 0.037371255457401276	Val Loss Step: 1.2361751794815063	Val Loss Full: 0.16000503301620483	Best Val Loss Full: 0.15259554982185364
Epoch: 386	Learning Rate :0.0001873664211405861	Train Loss Step: 0.35232725739479065	Train Loss Full: 0.03721845895051956	Val Loss Step: 1.1874481439590454	Val Loss Full: 0.15294405817985535	Best Val Loss Full: 0.15259554982185364
Epoch: 387	Learning Rate :0.0001843114291293308	Train Loss Step: 0.3520711362361908	Train Loss Full: 0.03719612956047058	Val Loss Step: 1.1986520290374756	Val Loss Full: 0.15512438118457794	Best Val Loss Full: 0.15259554982185364
Epoch: 388	Learning Rate :0.00018127591027646125	Train Loss Step: 0.3511162996292114	Train Loss Full: 0.03707661107182503	Val Loss Step: 1.2755061388015747	Val Loss Full: 0.16513380408287048	Best Val Loss Full: 0.15259554982185364
Epoch: 389	Learning Rate :0.00017826005182707873	Train Loss Step: 0.3514842987060547	Train Loss Full: 0.03712284192442894	Val Loss Step: 1.1717969179153442	Val Loss Full: 0.15011994540691376	Best Val Loss Full: 0.15011994540691376
Epoch: 390	Learning Rate :0.00017526403981353822	Train Loss Step: 0.3500889837741852	Train Loss Full: 0.03695009648799896	Val Loss Step: 1.2358371019363403	Val Loss Full: 0.16005641222000122	Best Val Loss Full: 0.15011994540691376
Epoch: 391	Learning Rate :0.00017228805904397377	Train Loss Step: 0.34965547919273376	Train Loss Full: 0.03688782826066017	Val Loss Step: 1.2309259176254272	Val Loss Full: 0.1598765105009079	Best Val Loss Full: 0.15011994540691376
Epoch: 392	Learning Rate :0.00016933229309089662	Train Loss Step: 0.349179208278656	Train Loss Full: 0.036843568086624146	Val Loss Step: 1.26466965675354	Val Loss Full: 0.16484595835208893	Best Val Loss Full: 0.15011994540691376
Epoch: 393	Learning Rate :0.0001663969242798742	Train Loss Step: 0.3486105799674988	Train Loss Full: 0.03677618131041527	Val Loss Step: 1.2033615112304688	Val Loss Full: 0.15539489686489105	Best Val Loss Full: 0.15011994540691376
Epoch: 394	Learning Rate :0.00016348213367828137	Train Loss Step: 0.3472207188606262	Train Loss Full: 0.036591604351997375	Val Loss Step: 1.1630058288574219	Val Loss Full: 0.1492072492837906	Best Val Loss Full: 0.1492072492837906
Epoch: 395	Learning Rate :0.0001605881010841324	Train Loss Step: 0.34772101044654846	Train Loss Full: 0.03666074946522713	Val Loss Step: 1.1774864196777344	Val Loss Full: 0.15125705301761627	Best Val Loss Full: 0.1492072492837906
Epoch: 396	Learning Rate :0.00015771500501498997	Train Loss Step: 0.34606918692588806	Train Loss Full: 0.03646223247051239	Val Loss Step: 1.2039165496826172	Val Loss Full: 0.15515349805355072	Best Val Loss Full: 0.1492072492837906
Epoch: 397	Learning Rate :0.00015486302269695254	Train Loss Step: 0.3464639186859131	Train Loss Full: 0.03651099652051926	Val Loss Step: 1.27257239818573	Val Loss Full: 0.16587822139263153	Best Val Loss Full: 0.1492072492837906
Epoch: 398	Learning Rate :0.00015203233005372412	Train Loss Step: 0.34574782848358154	Train Loss Full: 0.03642420843243599	Val Loss Step: 1.192466378211975	Val Loss Full: 0.15407583117485046	Best Val Loss Full: 0.1492072492837906
Epoch: 399	Learning Rate :0.00014922310169576043	Train Loss Step: 0.34440290927886963	Train Loss Full: 0.03626313433051109	Val Loss Step: 1.2111670970916748	Val Loss Full: 0.1565004289150238	Best Val Loss Full: 0.1492072492837906
Epoch: 400	Learning Rate :0.0001464355109094993	Train Loss Step: 0.3443990647792816	Train Loss Full: 0.036260586231946945	Val Loss Step: 1.2094142436981201	Val Loss Full: 0.15618446469306946	Best Val Loss Full: 0.1492072492837906
Epoch: 401	Learning Rate :0.00014366972964667118	Train Loss Step: 0.3435402810573578	Train Loss Full: 0.0361584797501564	Val Loss Step: 1.19000244140625	Val Loss Full: 0.15407313406467438	Best Val Loss Full: 0.1492072492837906
Epoch: 402	Learning Rate :0.0001409259285136923	Train Loss Step: 0.3424464166164398	Train Loss Full: 0.03601757809519768	Val Loss Step: 1.2071434259414673	Val Loss Full: 0.15616853535175323	Best Val Loss Full: 0.1492072492837906
Epoch: 403	Learning Rate :0.00013820427676114084	Train Loss Step: 0.34308773279190063	Train Loss Full: 0.036105457693338394	Val Loss Step: 1.2472938299179077	Val Loss Full: 0.15987436473369598	Best Val Loss Full: 0.1492072492837906
Epoch: 404	Learning Rate :0.0001355049422733175	Train Loss Step: 0.3418848216533661	Train Loss Full: 0.035951223224401474	Val Loss Step: 1.1980623006820679	Val Loss Full: 0.15417949855327606	Best Val Loss Full: 0.1492072492837906
Epoch: 405	Learning Rate :0.00013282809155788788	Train Loss Step: 0.34115076065063477	Train Loss Full: 0.035860367119312286	Val Loss Step: 1.2533501386642456	Val Loss Full: 0.16424131393432617	Best Val Loss Full: 0.1492072492837906
Epoch: 406	Learning Rate :0.0001301738897356137	Train Loss Step: 0.3408646285533905	Train Loss Full: 0.03583378717303276	Val Loss Step: 1.1826040744781494	Val Loss Full: 0.15211142599582672	Best Val Loss Full: 0.1492072492837906
Epoch: 407	Learning Rate :0.00012754250053016548	Train Loss Step: 0.34071478247642517	Train Loss Full: 0.03580353036522865	Val Loss Step: 1.249480962753296	Val Loss Full: 0.16273726522922516	Best Val Loss Full: 0.1492072492837906
Epoch: 408	Learning Rate :0.0001249340862580245	Train Loss Step: 0.3400432765483856	Train Loss Full: 0.03572804108262062	Val Loss Step: 1.1817729473114014	Val Loss Full: 0.15242567658424377	Best Val Loss Full: 0.1492072492837906
Epoch: 409	Learning Rate :0.0001223488078184698	Train Loss Step: 0.33930227160453796	Train Loss Full: 0.03564097359776497	Val Loss Step: 1.2160297632217407	Val Loss Full: 0.15777386724948883	Best Val Loss Full: 0.1492072492837906
Epoch: 410	Learning Rate :0.0001197868246836532	Train Loss Step: 0.33931905031204224	Train Loss Full: 0.035643696784973145	Val Loss Step: 1.1614587306976318	Val Loss Full: 0.14977538585662842	Best Val Loss Full: 0.1492072492837906
Epoch: 411	Learning Rate :0.00011724829488876231	Train Loss Step: 0.3388046622276306	Train Loss Full: 0.03557823598384857	Val Loss Step: 1.1375808715820312	Val Loss Full: 0.1465589851140976	Best Val Loss Full: 0.1465589851140976
Epoch: 412	Learning Rate :0.0001147333750222729	Train Loss Step: 0.3377332091331482	Train Loss Full: 0.03544965013861656	Val Loss Step: 1.2135210037231445	Val Loss Full: 0.15840622782707214	Best Val Loss Full: 0.1465589851140976
Epoch: 413	Learning Rate :0.00011224222021628816	Train Loss Step: 0.33752766251564026	Train Loss Full: 0.03542345389723778	Val Loss Step: 1.1724179983139038	Val Loss Full: 0.1518857777118683	Best Val Loss Full: 0.1465589851140976
Epoch: 414	Learning Rate :0.00010977498413697121	Train Loss Step: 0.33706334233283997	Train Loss Full: 0.03536665067076683	Val Loss Step: 1.1521990299224854	Val Loss Full: 0.14855283498764038	Best Val Loss Full: 0.1465589851140976
Epoch: 415	Learning Rate :0.00010733181897506507	Train Loss Step: 0.33665332198143005	Train Loss Full: 0.03531182184815407	Val Loss Step: 1.1890854835510254	Val Loss Full: 0.15364839136600494	Best Val Loss Full: 0.1465589851140976
Epoch: 416	Learning Rate :0.00010491287543650526	Train Loss Step: 0.33588314056396484	Train Loss Full: 0.035220611840486526	Val Loss Step: 1.1706737279891968	Val Loss Full: 0.15066973865032196	Best Val Loss Full: 0.1465589851140976
Epoch: 417	Learning Rate :0.00010251830273312346	Train Loss Step: 0.33589479327201843	Train Loss Full: 0.03522816672921181	Val Loss Step: 1.137861728668213	Val Loss Full: 0.14621973037719727	Best Val Loss Full: 0.14621973037719727
Epoch: 418	Learning Rate :0.00010014824857344346	Train Loss Step: 0.3357660174369812	Train Loss Full: 0.035212647169828415	Val Loss Step: 1.171692967414856	Val Loss Full: 0.15123043954372406	Best Val Loss Full: 0.14621973037719727
Epoch: 419	Learning Rate :9.780285915356968e-05	Train Loss Step: 0.3350951075553894	Train Loss Full: 0.03512953594326973	Val Loss Step: 1.1374963521957397	Val Loss Full: 0.14614862203598022	Best Val Loss Full: 0.14614862203598022
Epoch: 420	Learning Rate :9.548227914816967e-05	Train Loss Step: 0.3346084952354431	Train Loss Full: 0.035068612545728683	Val Loss Step: 1.134708046913147	Val Loss Full: 0.1457430124282837	Best Val Loss Full: 0.1457430124282837
Epoch: 421	Learning Rate :9.318665170154867e-05	Train Loss Step: 0.33427026867866516	Train Loss Full: 0.03503310680389404	Val Loss Step: 1.1508303880691528	Val Loss Full: 0.1487160325050354	Best Val Loss Full: 0.1457430124282837
Epoch: 422	Learning Rate :9.091611841882102e-05	Train Loss Step: 0.33361706137657166	Train Loss Full: 0.03494790941476822	Val Loss Step: 1.1438002586364746	Val Loss Full: 0.14689458906650543	Best Val Loss Full: 0.1457430124282837
Epoch: 423	Learning Rate :8.867081935717509e-05	Train Loss Step: 0.33325839042663574	Train Loss Full: 0.034909773617982864	Val Loss Step: 1.1198846101760864	Val Loss Full: 0.14356933534145355	Best Val Loss Full: 0.14356933534145355
Epoch: 424	Learning Rate :8.645089301723282e-05	Train Loss Step: 0.33316347002983093	Train Loss Full: 0.03489691764116287	Val Loss Step: 1.1218425035476685	Val Loss Full: 0.14412930607795715	Best Val Loss Full: 0.14356933534145355
Epoch: 425	Learning Rate :8.425647633450813e-05	Train Loss Step: 0.33257874846458435	Train Loss Full: 0.03482278063893318	Val Loss Step: 1.1397849321365356	Val Loss Full: 0.1464814692735672	Best Val Loss Full: 0.14356933534145355
Epoch: 426	Learning Rate :8.20877046709582e-05	Train Loss Step: 0.3320575952529907	Train Loss Full: 0.034757908433675766	Val Loss Step: 1.1276495456695557	Val Loss Full: 0.14523763954639435	Best Val Loss Full: 0.14356933534145355
Epoch: 427	Learning Rate :7.994471180663531e-05	Train Loss Step: 0.3318405747413635	Train Loss Full: 0.03473454713821411	Val Loss Step: 1.1350585222244263	Val Loss Full: 0.14640776813030243	Best Val Loss Full: 0.14356933534145355
Epoch: 428	Learning Rate :7.782762993143374e-05	Train Loss Step: 0.3316771984100342	Train Loss Full: 0.034711554646492004	Val Loss Step: 1.1376291513442993	Val Loss Full: 0.14683713018894196	Best Val Loss Full: 0.14356933534145355
Epoch: 429	Learning Rate :7.573658963693579e-05	Train Loss Step: 0.3311024010181427	Train Loss Full: 0.034646302461624146	Val Loss Step: 1.1121265888214111	Val Loss Full: 0.14265581965446472	Best Val Loss Full: 0.14265581965446472
Epoch: 430	Learning Rate :7.367171990835662e-05	Train Loss Step: 0.33084172010421753	Train Loss Full: 0.03461045026779175	Val Loss Step: 1.1760224103927612	Val Loss Full: 0.15225854516029358	Best Val Loss Full: 0.14265581965446472
Epoch: 431	Learning Rate :7.163314811658739e-05	Train Loss Step: 0.33061105012893677	Train Loss Full: 0.03458423167467117	Val Loss Step: 1.120673418045044	Val Loss Full: 0.14392808079719543	Best Val Loss Full: 0.14265581965446472
Epoch: 432	Learning Rate :6.962100001033868e-05	Train Loss Step: 0.33026015758514404	Train Loss Full: 0.03454481065273285	Val Loss Step: 1.1282448768615723	Val Loss Full: 0.14513880014419556	Best Val Loss Full: 0.14265581965446472
Epoch: 433	Learning Rate :6.763539970838408e-05	Train Loss Step: 0.3299430012702942	Train Loss Full: 0.03450969606637955	Val Loss Step: 1.1054010391235352	Val Loss Full: 0.14189891517162323	Best Val Loss Full: 0.14189891517162323
Epoch: 434	Learning Rate :6.567646969190276e-05	Train Loss Step: 0.3295994699001312	Train Loss Full: 0.034466490149497986	Val Loss Step: 1.1295926570892334	Val Loss Full: 0.1457185596227646	Best Val Loss Full: 0.14189891517162323
Epoch: 435	Learning Rate :6.374433079692588e-05	Train Loss Step: 0.329281210899353	Train Loss Full: 0.034423813223838806	Val Loss Step: 1.108038306236267	Val Loss Full: 0.14219872653484344	Best Val Loss Full: 0.14189891517162323
Epoch: 436	Learning Rate :6.183910220688158e-05	Train Loss Step: 0.32925906777381897	Train Loss Full: 0.03442487493157387	Val Loss Step: 1.1124662160873413	Val Loss Full: 0.1428276002407074	Best Val Loss Full: 0.14189891517162323
Epoch: 437	Learning Rate :5.996090144524364e-05	Train Loss Step: 0.3286704421043396	Train Loss Full: 0.034348223358392715	Val Loss Step: 1.1341780424118042	Val Loss Full: 0.14595387876033783	Best Val Loss Full: 0.14189891517162323
Epoch: 438	Learning Rate :5.810984436828226e-05	Train Loss Step: 0.32836320996284485	Train Loss Full: 0.03431421518325806	Val Loss Step: 1.127301573753357	Val Loss Full: 0.1453719288110733	Best Val Loss Full: 0.14189891517162323
Epoch: 439	Learning Rate :5.6286045157917095e-05	Train Loss Step: 0.3281267285346985	Train Loss Full: 0.034287113696336746	Val Loss Step: 1.108827829360962	Val Loss Full: 0.14235451817512512	Best Val Loss Full: 0.14189891517162323
Epoch: 440	Learning Rate :5.448961631467426e-05	Train Loss Step: 0.32768067717552185	Train Loss Full: 0.03423666954040527	Val Loss Step: 1.1115520000457764	Val Loss Full: 0.14313459396362305	Best Val Loss Full: 0.14189891517162323
Epoch: 441	Learning Rate :5.2720668650747066e-05	Train Loss Step: 0.3276621699333191	Train Loss Full: 0.03423422947525978	Val Loss Step: 1.1081713438034058	Val Loss Full: 0.1421806514263153	Best Val Loss Full: 0.14189891517162323
Epoch: 442	Learning Rate :5.09793112831595e-05	Train Loss Step: 0.3272892236709595	Train Loss Full: 0.034187834709882736	Val Loss Step: 1.1164615154266357	Val Loss Full: 0.1432071477174759	Best Val Loss Full: 0.14189891517162323
Epoch: 443	Learning Rate :4.926565162703672e-05	Train Loss Step: 0.3271229565143585	Train Loss Full: 0.03416768088936806	Val Loss Step: 1.1187926530838013	Val Loss Full: 0.14389118552207947	Best Val Loss Full: 0.14189891517162323
Epoch: 444	Learning Rate :4.7579795388978435e-05	Train Loss Step: 0.3269124925136566	Train Loss Full: 0.034140538424253464	Val Loss Step: 1.1100393533706665	Val Loss Full: 0.1427554339170456	Best Val Loss Full: 0.14189891517162323
Epoch: 445	Learning Rate :4.592184656053841e-05	Train Loss Step: 0.3264959156513214	Train Loss Full: 0.03409509360790253	Val Loss Step: 1.1100481748580933	Val Loss Full: 0.1425737589597702	Best Val Loss Full: 0.14189891517162323
Epoch: 446	Learning Rate :4.4291907411810113e-05	Train Loss Step: 0.32632237672805786	Train Loss Full: 0.03407209739089012	Val Loss Step: 1.107181429862976	Val Loss Full: 0.1421012282371521	Best Val Loss Full: 0.14189891517162323
Epoch: 447	Learning Rate :4.269007848511769e-05	Train Loss Step: 0.326133131980896	Train Loss Full: 0.03405148535966873	Val Loss Step: 1.1184539794921875	Val Loss Full: 0.14385226368904114	Best Val Loss Full: 0.14189891517162323
Epoch: 448	Learning Rate :4.111645858881486e-05	Train Loss Step: 0.32588592171669006	Train Loss Full: 0.034021519124507904	Val Loss Step: 1.0967292785644531	Val Loss Full: 0.14073845744132996	Best Val Loss Full: 0.14073845744132996
Epoch: 449	Learning Rate :3.957114479118918e-05	Train Loss Step: 0.32577961683273315	Train Loss Full: 0.03400711715221405	Val Loss Step: 1.1024247407913208	Val Loss Full: 0.14152754843235016	Best Val Loss Full: 0.14073845744132996
Epoch: 450	Learning Rate :3.805423241447474e-05	Train Loss Step: 0.32543089985847473	Train Loss Full: 0.033966030925512314	Val Loss Step: 1.1019690036773682	Val Loss Full: 0.1416531503200531	Best Val Loss Full: 0.14073845744132996
Epoch: 451	Learning Rate :3.656581502897223e-05	Train Loss Step: 0.3252027630805969	Train Loss Full: 0.033940479159355164	Val Loss Step: 1.098370909690857	Val Loss Full: 0.14094427227973938	Best Val Loss Full: 0.14073845744132996
Epoch: 452	Learning Rate :3.510598444727714e-05	Train Loss Step: 0.3250895142555237	Train Loss Full: 0.03392685204744339	Val Loss Step: 1.1001698970794678	Val Loss Full: 0.14136062562465668	Best Val Loss Full: 0.14073845744132996
Epoch: 453	Learning Rate :3.367483071861597e-05	Train Loss Step: 0.32484957575798035	Train Loss Full: 0.03389976546168327	Val Loss Step: 1.0970993041992188	Val Loss Full: 0.14089754223823547	Best Val Loss Full: 0.14073845744132996
Epoch: 454	Learning Rate :3.227244212329236e-05	Train Loss Step: 0.324527770280838	Train Loss Full: 0.033860113471746445	Val Loss Step: 1.0924606323242188	Val Loss Full: 0.14009587466716766	Best Val Loss Full: 0.14009587466716766
Epoch: 455	Learning Rate :3.089890516724031e-05	Train Loss Step: 0.3244512975215912	Train Loss Full: 0.03385051712393761	Val Loss Step: 1.0985171794891357	Val Loss Full: 0.14098504185676575	Best Val Loss Full: 0.14009587466716766
Epoch: 456	Learning Rate :2.9554304576689545e-05	Train Loss Step: 0.32423704862594604	Train Loss Full: 0.03382517397403717	Val Loss Step: 1.0932291746139526	Val Loss Full: 0.1400679647922516	Best Val Loss Full: 0.1400679647922516
Epoch: 457	Learning Rate :2.8238723292938014e-05	Train Loss Step: 0.32412654161453247	Train Loss Full: 0.03381163626909256	Val Loss Step: 1.0973339080810547	Val Loss Full: 0.14068230986595154	Best Val Loss Full: 0.1400679647922516
Epoch: 458	Learning Rate :2.695224246723618e-05	Train Loss Step: 0.32390284538269043	Train Loss Full: 0.03378765657544136	Val Loss Step: 1.1015827655792236	Val Loss Full: 0.14156009256839752	Best Val Loss Full: 0.1400679647922516
Epoch: 459	Learning Rate :2.5694941455781313e-05	Train Loss Step: 0.3237536549568176	Train Loss Full: 0.03376835584640503	Val Loss Step: 1.1080113649368286	Val Loss Full: 0.1423959732055664	Best Val Loss Full: 0.1400679647922516
Epoch: 460	Learning Rate :2.4466897814822164e-05	Train Loss Step: 0.32358869910240173	Train Loss Full: 0.03374912217259407	Val Loss Step: 1.1023558378219604	Val Loss Full: 0.14190030097961426	Best Val Loss Full: 0.1400679647922516
Epoch: 461	Learning Rate :2.326818729587504e-05	Train Loss Step: 0.3234483599662781	Train Loss Full: 0.03373369574546814	Val Loss Step: 1.0984987020492554	Val Loss Full: 0.14099319279193878	Best Val Loss Full: 0.1400679647922516
Epoch: 462	Learning Rate :2.2098883841051458e-05	Train Loss Step: 0.3232786953449249	Train Loss Full: 0.03371173143386841	Val Loss Step: 1.0996766090393066	Val Loss Full: 0.14163395762443542	Best Val Loss Full: 0.1400679647922516
Epoch: 463	Learning Rate :2.095905957849605e-05	Train Loss Step: 0.3231261074542999	Train Loss Full: 0.03369498252868652	Val Loss Step: 1.095955729484558	Val Loss Full: 0.1406673789024353	Best Val Loss Full: 0.1400679647922516
Epoch: 464	Learning Rate :1.984878481793865e-05	Train Loss Step: 0.322979211807251	Train Loss Full: 0.03367753326892853	Val Loss Step: 1.0905364751815796	Val Loss Full: 0.13970176875591278	Best Val Loss Full: 0.13970176875591278
Epoch: 465	Learning Rate :1.8768128046356278e-05	Train Loss Step: 0.3228306472301483	Train Loss Full: 0.033660225570201874	Val Loss Step: 1.0889792442321777	Val Loss Full: 0.1397293657064438	Best Val Loss Full: 0.13970176875591278
Epoch: 466	Learning Rate :1.7717155923748942e-05	Train Loss Step: 0.32271698117256165	Train Loss Full: 0.03364700451493263	Val Loss Step: 1.088598370552063	Val Loss Full: 0.13955120742321014	Best Val Loss Full: 0.13955120742321014
Epoch: 467	Learning Rate :1.6695933279027683e-05	Train Loss Step: 0.3225778341293335	Train Loss Full: 0.03362967446446419	Val Loss Step: 1.0895748138427734	Val Loss Full: 0.13982033729553223	Best Val Loss Full: 0.13955120742321014
Epoch: 468	Learning Rate :1.5704523106015584e-05	Train Loss Step: 0.322435200214386	Train Loss Full: 0.033613432198762894	Val Loss Step: 1.0907392501831055	Val Loss Full: 0.13982468843460083	Best Val Loss Full: 0.13955120742321014
Epoch: 469	Learning Rate :1.4742986559562107e-05	Train Loss Step: 0.3223313093185425	Train Loss Full: 0.03360121697187424	Val Loss Step: 1.0927555561065674	Val Loss Full: 0.14023111760616302	Best Val Loss Full: 0.13955120742321014
Epoch: 470	Learning Rate :1.381138295177072e-05	Train Loss Step: 0.3222050666809082	Train Loss Full: 0.0335870124399662	Val Loss Step: 1.083138108253479	Val Loss Full: 0.13888271152973175	Best Val Loss Full: 0.13888271152973175
Epoch: 471	Learning Rate :1.2909769748340156e-05	Train Loss Step: 0.3220866322517395	Train Loss Full: 0.033574312925338745	Val Loss Step: 1.0888006687164307	Val Loss Full: 0.1397157609462738	Best Val Loss Full: 0.13888271152973175
Epoch: 472	Learning Rate :1.2038202565019702e-05	Train Loss Step: 0.3219664990901947	Train Loss Full: 0.03355986252427101	Val Loss Step: 1.0986287593841553	Val Loss Full: 0.14107201993465424	Best Val Loss Full: 0.13888271152973175
Epoch: 473	Learning Rate :1.1196735164178873e-05	Train Loss Step: 0.32188716530799866	Train Loss Full: 0.03354952484369278	Val Loss Step: 1.0915292501449585	Val Loss Full: 0.14034795761108398	Best Val Loss Full: 0.13888271152973175
Epoch: 474	Learning Rate :1.038541945149041e-05	Train Loss Step: 0.321763277053833	Train Loss Full: 0.033535730093717575	Val Loss Step: 1.0904043912887573	Val Loss Full: 0.13998228311538696	Best Val Loss Full: 0.13888271152973175
Epoch: 475	Learning Rate :9.604305472729282e-06	Train Loss Step: 0.32169169187545776	Train Loss Full: 0.033527079969644547	Val Loss Step: 1.0844868421554565	Val Loss Full: 0.1391747146844864	Best Val Loss Full: 0.13888271152973175
Epoch: 476	Learning Rate :8.853441410684874e-06	Train Loss Step: 0.32158365845680237	Train Loss Full: 0.03351481258869171	Val Loss Step: 1.085785150527954	Val Loss Full: 0.13929429650306702	Best Val Loss Full: 0.13888271152973175
Epoch: 477	Learning Rate :8.132873582189595e-06	Train Loss Step: 0.32151100039482117	Train Loss Full: 0.03350592032074928	Val Loss Step: 1.0860984325408936	Val Loss Full: 0.13930253684520721	Best Val Loss Full: 0.13888271152973175
Epoch: 478	Learning Rate :7.442646435261263e-06	Train Loss Step: 0.32142147421836853	Train Loss Full: 0.033496081829071045	Val Loss Step: 1.081282377243042	Val Loss Full: 0.13864746689796448	Best Val Loss Full: 0.13864746689796448
Epoch: 479	Learning Rate :6.7828025463614775e-06	Train Loss Step: 0.32132378220558167	Train Loss Full: 0.03348449990153313	Val Loss Step: 1.0853158235549927	Val Loss Full: 0.1392946094274521	Best Val Loss Full: 0.13864746689796448
Epoch: 480	Learning Rate :6.153382617769488e-06	Train Loss Step: 0.3212551772594452	Train Loss Full: 0.033476848155260086	Val Loss Step: 1.0820255279541016	Val Loss Full: 0.13864192366600037	Best Val Loss Full: 0.13864192366600037
Epoch: 481	Learning Rate :5.55442547507132e-06	Train Loss Step: 0.3211907148361206	Train Loss Full: 0.0334695503115654	Val Loss Step: 1.085907220840454	Val Loss Full: 0.1393207609653473	Best Val Loss Full: 0.13864192366600037
Epoch: 482	Learning Rate :4.9859680647648525e-06	Train Loss Step: 0.32112395763397217	Train Loss Full: 0.03346160054206848	Val Loss Step: 1.083898663520813	Val Loss Full: 0.13896526396274567	Best Val Loss Full: 0.13864192366600037
Epoch: 483	Learning Rate :4.448045451980923e-06	Train Loss Step: 0.3210567533969879	Train Loss Full: 0.03345435485243797	Val Loss Step: 1.0853079557418823	Val Loss Full: 0.13926616311073303	Best Val Loss Full: 0.13864192366600037
Epoch: 484	Learning Rate :3.9406908183199995e-06	Train Loss Step: 0.3209928870201111	Train Loss Full: 0.033447232097387314	Val Loss Step: 1.0828726291656494	Val Loss Full: 0.13890822231769562	Best Val Loss Full: 0.13864192366600037
Epoch: 485	Learning Rate :3.46393545980582e-06	Train Loss Step: 0.3209453523159027	Train Loss Full: 0.03344109281897545	Val Loss Step: 1.0819308757781982	Val Loss Full: 0.13879230618476868	Best Val Loss Full: 0.13864192366600037
Epoch: 486	Learning Rate :3.017808784954656e-06	Train Loss Step: 0.32088249921798706	Train Loss Full: 0.03343455493450165	Val Loss Step: 1.0837018489837646	Val Loss Full: 0.13901270925998688	Best Val Loss Full: 0.13864192366600037
Epoch: 487	Learning Rate :2.6023383129611555e-06	Train Loss Step: 0.32082757353782654	Train Loss Full: 0.033427733927965164	Val Loss Step: 1.0821707248687744	Val Loss Full: 0.138791024684906	Best Val Loss Full: 0.13864192366600037
Epoch: 488	Learning Rate :2.2175496720010877e-06	Train Loss Step: 0.320783793926239	Train Loss Full: 0.033423375338315964	Val Loss Step: 1.0831091403961182	Val Loss Full: 0.13889726996421814	Best Val Loss Full: 0.13864192366600037
Epoch: 489	Learning Rate :1.8634665976503871e-06	Train Loss Step: 0.3207536041736603	Train Loss Full: 0.03341935947537422	Val Loss Step: 1.082828402519226	Val Loss Full: 0.13885514438152313	Best Val Loss Full: 0.13864192366600037
Epoch: 490	Learning Rate :1.5401109314209335e-06	Train Loss Step: 0.32070907950401306	Train Loss Full: 0.033414438366889954	Val Loss Step: 1.0832083225250244	Val Loss Full: 0.1389261931180954	Best Val Loss Full: 0.13864192366600037
Epoch: 491	Learning Rate :1.2475026194134099e-06	Train Loss Step: 0.32067257165908813	Train Loss Full: 0.03341023996472359	Val Loss Step: 1.08371102809906	Val Loss Full: 0.13900315761566162	Best Val Loss Full: 0.13864192366600037
Epoch: 492	Learning Rate :9.856597110867853e-07	Train Loss Step: 0.32064035534858704	Train Loss Full: 0.033406443893909454	Val Loss Step: 1.082782506942749	Val Loss Full: 0.13888192176818848	Best Val Loss Full: 0.13864192366600037
Epoch: 493	Learning Rate :7.545983581449833e-07	Train Loss Step: 0.32061314582824707	Train Loss Full: 0.03340337052941322	Val Loss Step: 1.0823742151260376	Val Loss Full: 0.13876502215862274	Best Val Loss Full: 0.13864192366600037
Epoch: 494	Learning Rate :5.543328135406796e-07	Train Loss Step: 0.32058465480804443	Train Loss Full: 0.03340023383498192	Val Loss Step: 1.0820688009262085	Val Loss Full: 0.13874080777168274	Best Val Loss Full: 0.13864192366600037
Epoch: 495	Learning Rate :3.848754305960046e-07	Train Loss Step: 0.32056379318237305	Train Loss Full: 0.0333978645503521	Val Loss Step: 1.082194447517395	Val Loss Full: 0.13877633213996887	Best Val Loss Full: 0.13864192366600037
Epoch: 496	Learning Rate :2.462366622405977e-07	Train Loss Step: 0.32054564356803894	Train Loss Full: 0.033395811915397644	Val Loss Step: 1.0823861360549927	Val Loss Full: 0.13880309462547302	Best Val Loss Full: 0.13864192366600037
Epoch: 497	Learning Rate :1.3842506036662342e-07	Train Loss Step: 0.32052987813949585	Train Loss Full: 0.03339406102895737	Val Loss Step: 1.0822186470031738	Val Loss Full: 0.13877065479755402	Best Val Loss Full: 0.13864192366600037
Epoch: 498	Learning Rate :6.144727530169254e-08	Train Loss Step: 0.32051751017570496	Train Loss Full: 0.03339267894625664	Val Loss Step: 1.0820666551589966	Val Loss Full: 0.13875243067741394	Best Val Loss Full: 0.13864192366600037
Epoch: 499	Learning Rate :1.5308055398024608e-08	Train Loss Step: 0.3205084800720215	Train Loss Full: 0.033391717821359634	Val Loss Step: 1.0820807218551636	Val Loss Full: 0.138754203915596	Best Val Loss Full: 0.13864192366600037
Epoch: 500	Learning Rate :1.0246740125861636e-11	Train Loss Step: 0.3205036222934723	Train Loss Full: 0.03339119628071785	Val Loss Step: 1.0820664167404175	Val Loss Full: 0.1387520432472229	Best Val Loss Full: 0.13864192366600037
Finish Training !
